S,800,limit;60
S,900,symbol;S1;S2;S3
S,1000,S1;99.5;100.5;S2;99.5;100.5;S3;99.5;100.5
S,1500,S1;99.709228;100.709228;S2;99.8586766;100.8586766;S3;99.42224658;100.42224658
S,2000,S1;99.37035485;100.37035485;S2;99.27625394;100.27625394;S3;98.96963193;99.96963193
S,2500,S1;99.7655521;100.7655521;S2;99.9553624;100.9553624;S3;99.08703587;100.08703587
S,3000,S1;98.77144685;99.77144685;S2;98.25051908;99.25051908;S3;98.44834858;99.44834858
S,3500,S1;98.89985646;99.89985646;S2;98.47830341;99.47830341;S3;98.2268512;99.2268512
S,4000,S1;99.13369953;100.13369953;S2;98.88583453;99.88583453;S3;98.18065401;99.18065401
S,4500,S1;99.5996728;100.5996728;S2;99.689191;100.689191;S3;98.56180092;99.56180092
S,5000,S1;99.8035168;100.8035168;S2;100.0372932;101.0372932;S3;98.42184317;99.42184317
S,5500,S1;100.4779785;101.4779785;S2;101.1889229;102.1889229;S3;98.96182507;99.96182507
S,6000,S1;99.7999063;100.7999063;S2;100.0216776;101.0216776;S3;97.83823779;98.83823779
S,6500,S1;98.76512876;99.76512876;S2;98.24701157;99.24701157;S3;97.53451289;98.53451289
S,7000,S1;98.42013526;99.42013526;S2;97.66071261;98.66071261;S3;97.12276155;98.12276155
S,7500,S1;99.37845659;100.37845659;S2;99.32119797;100.32119797;S3;98.6917237;99.6917237
S,8000,S1;99.5457695;100.5457695;S2;99.6089328;100.6089328;S3;98.38161831;99.38161831
S,8500,S1;99.7181464;100.7181464;S2;99.9035334;100.9035334;S3;98.70435202;99.70435202
S,9000,S1;100.3485409;101.3485409;S2;100.9807453;101.9807453;S3;99.7723433;100.7723433
S,9500,S1;101.2965959;102.2965959;S2;102.5918131;103.5918131;S3;101.3934157;102.3934157
S,10000,S1;101.386789;102.386789;S2;102.7279369;103.7279369;S3;101.494905;102.494905
S,10500,S1;100.735348;101.735348;S2;101.6018266;102.6018266;S3;100.6937579;101.6937579
S,11000,S1;101.5929035;102.5929035;S2;103.0528362;104.0528362;S3;101.3828911;102.3828911
S,11500,S1;101.7291253;102.7291253;S2;103.2648014;104.2648014;S3;101.5222658;102.5222658
S,12000,S1;102.2045608;103.2045608;S2;104.0518508;105.0518508;S3;102.036585;103.036585
S,12500,S1;102.1005152;103.1005152;S2;103.8506902;104.8506902;S3;101.989918;102.989918
S,13000,S1;101.7118378;102.7118378;S2;103.1679704;104.1679704;S3;100.9020839;101.9020839
S,13500,S1;101.891496;102.891496;S2;103.4536668;104.4536668;S3;100.7918408;101.7918408
S,14000,S1;101.6907727;102.6907727;S2;103.0919853;104.0919853;S3;100.134618;101.134618
S,14500,S1;100.6833707;101.6833707;S2;101.3616604;102.3616604;S3;98.94956395;99.94956395
S,15000,S1;101.1400748;102.1400748;S2;102.1316775;103.1316775;S3;98.77936739;99.77936739
S,15500,S1;102.0264303;103.0264303;S2;103.6276406;104.6276406;S3;100.3544443;101.3544443
S,16000,S1;101.4347492;102.4347492;S2;102.6022882;103.6022882;S3;99.10578859;100.10578859
S,16500,S1;101.7721259;102.7721259;S2;103.1604294;104.1604294;S3;99.8689512;100.8689512
S,17000,S1;101.7271492;102.7271492;S2;103.0654369;104.0654369;S3;100.5456466;101.5456466
S,17500,S1;101.0553502;102.0553502;S2;101.9063027;102.9063027;S3;99.06974003;100.06974003
S,18000,S1;101.2047593;102.2047593;S2;102.1493954;103.1493954;S3;99.14971645;100.14971645
S,18500,S1;101.571057;102.571057;S2;102.7602906;103.7602906;S3;99.17960974;100.17960974
S,19000,S1;101.4316587;102.4316587;S2;102.5074067;103.5074067;S3;99.7763379;100.7763379
S,19500,S1;101.7451173;102.7451173;S2;103.0261063;104.0261063;S3;100.2175789;101.2175789
S,20000,S1;101.6372083;102.6372083;S2;102.8256466;103.8256466;S3;100.3244721;101.3244721
S,20500,S1;102.1439646;103.1439646;S2;103.6708724;104.6708724;S3;100.4590548;101.4590548
S,21000,S1;102.2230019;103.2230019;S2;103.7844502;104.7844502;S3;100.5810615;101.5810615
S,21500,S1;102.7382061;103.7382061;S2;104.636979;105.636979;S3;101.3892609;102.3892609
S,22000,S1;103.6936605;104.6936605;S2;106.2280508;107.2280508;S3;101.6066898;102.6066898
S,22500,S1;103.7453954;104.7453954;S2;106.2812909;107.2812909;S3;101.84142;102.84142
S,23000,S1;103.8535962;104.8535962;S2;106.4296496;107.4296496;S3;101.6306325;102.6306325
S,23500,S1;103.804663;104.804663;S2;106.3127032;107.3127032;S3;101.0200667;102.0200667
S,24000,S1;103.9815875;104.9815875;S2;106.577179;107.577179;S3;101.2902826;102.2902826
S,24500,S1;103.7280058;104.7280058;S2;106.1154559;107.1154559;S3;101.3050931;102.3050931
S,25000,S1;105.1967151;106.1967151;S2;108.5586957;109.5586957;S3;102.8097017;103.8097017
S,25500,S1;105.8368896;106.8368896;S2;109.5864418;110.5864418;S3;103.5740002;104.5740002
S,26000,S1;106.5425604;107.5425604;S2;110.7158815;111.7158815;S3;104.3035955;105.3035955
S,26500,S1;106.0873175;107.0873175;S2;109.9009366;110.9009366;S3;103.5452368;104.5452368
S,27000,S1;105.156995;106.156995;S2;108.2960639;109.2960639;S3;102.0944869;103.0944869
S,27500,S1;104.937691;105.937691;S2;107.8864377;108.8864377;S3;101.2843244;102.2843244
S,28000,S1;105.3108418;106.3108418;S2;108.4728656;109.4728656;S3;101.8615595;102.8615595
S,28500,S1;104.7439416;105.7439416;S2;107.4809031;108.4809031;S3;101.0226784;102.0226784
S,29000,S1;105.2005781;106.2005781;S2;108.2107814;109.2107814;S3;101.6416599;102.6416599
S,29500,S1;104.6280945;105.6280945;S2;107.2110976;108.2110976;S3;101.4848977;102.4848977
S,30000,S1;103.3687783;104.3687783;S2;105.0615354;106.0615354;S3;100.5892065;101.5892065
S,30500,S1;104.1217601;105.1217601;S2;106.3096455;107.3096455;S3;101.2637112;102.2637112
S,31000,S1;104.2315505;105.2315505;S2;106.4650756;107.4650756;S3;101.8944115;102.8944115
S,31500,S1;104.4645922;105.4645922;S2;106.827126;107.827126;S3;102.0238246;103.0238246
S,32000,S1;105.0117225;106.0117225;S2;107.7149214;108.7149214;S3;102.2632478;103.2632478
S,32500,S1;105.4147425;106.4147425;S2;108.3545522;109.3545522;S3;102.8185938;103.8185938
S,33000,S1;105.3633078;106.3633078;S2;108.2290367;109.2290367;S3;102.7680564;103.7680564
S,33500,S1;105.6453271;106.6453271;S2;108.6629404;109.6629404;S3;102.9863972;103.9863972
S,34000,S1;105.4192847;106.4192847;S2;108.2443509;109.2443509;S3;102.3442157;103.3442157
S,34500,S1;105.6217162;106.6217162;S2;108.5454399;109.5454399;S3;102.935355;103.935355
S,35000,S1;105.4246512;106.4246512;S2;108.1765562;109.1765562;S3;103.5730701;104.5730701
S,35500,S1;105.6750146;106.6750146;S2;108.5588726;109.5588726;S3;104.2158679;105.2158679
S,36000,S1;105.2958138;106.2958138;S2;107.885923;108.885923;S3;104.5554163;105.5554163
S,36500,S1;105.4209653;106.4209653;S2;108.0608638;109.0608638;S3;105.2697423;106.2697423
S,37000,S1;106.7667039;107.7667039;S2;110.2787364;111.2787364;S3;105.9169346;106.9169346
S,37500,S1;105.2107511;106.2107511;S2;107.639618;108.639618;S3;105.3409506;106.3409506
S,38000,S1;105.3965261;106.3965261;S2;107.9183742;108.9183742;S3;104.4628328;105.4628328
S,38500,S1;105.3314997;106.3314997;S2;107.7756938;108.7756938;S3;104.1160059;105.1160059
S,39000,S1;105.1164806;106.1164806;S2;107.3828002;108.3828002;S3;104.0216284;105.0216284
S,39500,S1;105.1527092;106.1527092;S2;107.4131617;108.4131617;S3;103.8303872;104.8303872
S,40000,S1;105.3103181;106.3103181;S2;107.647035;108.647035;S3;103.2225244;104.2225244
S,40500,S1;105.6695286;106.6695286;S2;108.2174231;109.2174231;S3;103.9694293;104.9694293
S,41000,S1;105.5764832;106.5764832;S2;108.0276369;109.0276369;S3;103.9744062;104.9744062
S,41500,S1;104.874087;105.874087;S2;106.8194237;107.8194237;S3;103.1171609;104.1171609
S,42000,S1;105.7334107;106.7334107;S2;108.2351785;109.2351785;S3;103.7950271;104.7950271
S,42500,S1;105.0076762;106.0076762;S2;106.9879554;107.9879554;S3;103.4175201;104.4175201
S,43000,S1;103.8672868;104.8672868;S2;105.0489881;106.0489881;S3;102.2558476;103.2558476
S,43500,S1;104.0429436;105.0429436;S2;105.3290289;106.3290289;S3;102.4723506;103.4723506
S,44000,S1;104.3996893;105.3996893;S2;105.9122862;106.9122862;S3;102.9592909;103.9592909
S,44500,S1;104.3062039;105.3062039;S2;105.7348756;106.7348756;S3;103.4360106;104.4360106
S,45000,S1;104.433403;105.433403;S2;105.9296205;106.9296205;S3;103.8937592;104.8937592
S,45500,S1;104.4675156;105.4675156;S2;105.9669044;106.9669044;S3;103.2450321;104.2450321
S,46000,S1;105.4275385;106.4275385;S2;107.5601145;108.5601145;S3;104.5223002;105.5223002
S,46500,S1;106.0347797;107.0347797;S2;108.5482513;109.5482513;S3;104.8832892;105.8832892
S,47000,S1;105.0791011;106.0791011;S2;106.9181365;107.9181365;S3;103.5108371;104.5108371
S,47500,S1;104.8496773;105.8496773;S2;106.508855;107.508855;S3;103.5624744;104.5624744
S,48000,S1;105.2327139;106.2327139;S2;107.1293628;108.1293628;S3;104.1152955;105.1152955
S,48500,S1;104.7830908;105.7830908;S2;106.3505782;107.3505782;S3;103.0253202;104.0253202
S,49000,S1;105.1477345;106.1477345;S2;106.9416075;107.9416075;S3;103.1399583;104.1399583
S,49500,S1;104.3980379;105.3980379;S2;105.6610023;106.6610023;S3;102.0928132;103.0928132
S,50000,S1;104.8112333;105.8112333;S2;106.3386323;107.3386323;S3;102.558501;103.558501
S,50500,S1;105.1432986;106.1432986;S2;106.8754577;107.8754577;S3;102.8619419;103.8619419
S,51000,S1;104.761603;105.761603;S2;106.2124756;107.2124756;S3;102.6119155;103.6119155
S,51500,S1;105.0353381;106.0353381;S2;106.6525204;107.6525204;S3;103.9677684;104.9677684
S,52000,S1;104.35529;105.35529;S2;105.4905309;106.4905309;S3;103.1252325;104.1252325
S,52500,S1;105.1159056;106.1159056;S2;106.7540741;107.7540741;S3;104.1069724;105.1069724
S,53000,S1;104.224751;105.224751;S2;105.2382756;106.2382756;S3;103.2663083;104.2663083
S,53500,S1;104.311163;105.311163;S2;105.3700446;106.3700446;S3;103.0166211;104.0166211
S,54000,S1;104.1836992;105.1836992;S2;105.1415254;106.1415254;S3;102.5151812;103.5151812
S,54500,S1;103.9294596;104.9294596;S2;104.7009764;105.7009764;S3;101.8981644;102.8981644
S,55000,S1;104.3387205;105.3387205;S2;105.3798287;106.3798287;S3;101.6089241;102.6089241
S,55500,S1;105.1976675;106.1976675;S2;106.8100415;107.8100415;S3;102.4503222;103.4503222
S,56000,S1;105.2252069;106.2252069;S2;106.8345857;107.8345857;S3;102.6514662;103.6514662
S,56500,S1;105.7825222;106.7825222;S2;107.7468607;108.7468607;S3;103.429943;104.429943
S,57000,S1;106.3874394;107.3874394;S2;108.7319984;109.7319984;S3;103.4677572;104.4677572
S,57500,S1;106.1709076;107.1709076;S2;108.3393501;109.3393501;S3;103.3280533;104.3280533
S,58000,S1;106.1805834;107.1805834;S2;108.3264479;109.3264479;S3;102.7817949;103.7817949
S,58500,S1;106.0470603;107.0470603;S2;108.0747691;109.0747691;S3;101.9813952;102.9813952
S,59000,S1;105.5532837;106.5532837;S2;107.2227959;108.2227959;S3;100.7012625;101.7012625
S,59500,S1;105.250223;106.250223;S2;106.6932476;107.6932476;S3;100.4798115;101.4798115
S,60000,S1;106.3720376;107.3720376;S2;108.553451;109.553451;S3;101.3891023;102.3891023
S,60500,S1;106.9050663;107.9050663;S2;109.4135016;110.4135016;S3;101.6284321;102.6284321
S,61000,S1;107.453655;108.453655;S2;110.2933103;111.2933103;S3;102.4217722;103.4217722
S,61500,S1;106.5610278;107.5610278;S2;108.7720163;109.7720163;S3;102.0122523;103.0122523
S,62000,S1;105.6082897;106.6082897;S2;107.1540068;108.1540068;S3;100.7177066;101.7177066
S,62500,S1;106.2180678;107.2180678;S2;108.1535546;109.1535546;S3;101.4563407;102.4563407
S,63000,S1;105.3447506;106.3447506;S2;106.6697729;107.6697729;S3;100.7133251;101.7133251
S,63500,S1;105.8128454;106.8128454;S2;107.4360029;108.4360029;S3;100.8431593;101.8431593
S,64000,S1;106.5327576;107.5327576;S2;108.6178533;109.6178533;S3;101.5376627;102.5376627
S,64500,S1;106.8974975;107.8974975;S2;109.1980629;110.1980629;S3;101.4520212;102.4520212
S,65000,S1;108.4147882;109.4147882;S2;111.6936549;112.6936549;S3;103.1486964;104.1486964
S,65500,S1;108.9279417;109.9279417;S2;112.4994082;113.4994082;S3;103.2582176;104.2582176
S,66000,S1;107.6146463;108.6146463;S2;110.2810077;111.2810077;S3;101.877324;102.877324
S,66500,S1;106.819771;107.819771;S2;108.9252495;109.9252495;S3;101.174715;102.174715
S,67000,S1;107.4933419;108.4933419;S2;110.018914;111.018914;S3;101.2746125;102.2746125
S,67500,S1;107.9888512;108.9888512;S2;110.8083188;111.8083188;S3;101.3184927;102.3184927
S,68000,S1;107.9503348;108.9503348;S2;110.7066623;111.7066623;S3;101.8691206;102.8691206
S,68500,S1;107.9829123;108.9829123;S2;110.7237615;111.7237615;S3;102.2715817;103.2715817
S,69000,S1;108.5674378;109.5674378;S2;111.6564298;112.6564298;S3;102.0601787;103.0601787
S,69500,S1;108.0001515;109.0001515;S2;110.6762335;111.6762335;S3;101.5108586;102.5108586
S,70000,S1;107.5374299;108.5374299;S2;109.8730303;110.8730303;S3;100.6770131;101.6770131
S,70500,S1;106.3749741;107.3749741;S2;107.9107238;108.9107238;S3;99.7830631;100.7830631
S,71000,S1;105.6045976;106.6045976;S2;106.6048968;107.6048968;S3;98.81473777;99.81473777
S,71500,S1;105.3963456;106.3963456;S2;106.2430476;107.2430476;S3;98.29736155;99.29736155
S,72000,S1;104.5624804;105.5624804;S2;104.8353827;105.8353827;S3;96.99082774;97.99082774
S,72500,S1;105.6015652;106.6015652;S2;106.5772507;107.5772507;S3;98.51880503;99.51880503
S,73000,S1;105.4274026;106.4274026;S2;106.2727661;107.2727661;S3;97.87634575;98.87634575
S,73500,S1;105.2076631;106.2076631;S2;105.8935248;106.8935248;S3;98.31374218;99.31374218
S,74000,S1;105.2372207;106.2372207;S2;105.9338644;106.9338644;S3;98.47986503;99.47986503
S,74500,S1;105.5710481;106.5710481;S2;106.4838669;107.4838669;S3;98.1863551;99.1863551
S,75000,S1;106.4185947;107.4185947;S2;107.8899222;108.8899222;S3;99.00970561;100.00970561
S,75500,S1;105.7155916;106.7155916;S2;106.6975516;107.6975516;S3;99.01405633;100.01405633
S,76000,S1;105.4627825;106.4627825;S2;106.2615734;107.2615734;S3;99.24664097;100.24664097
S,76500,S1;105.7699362;106.7699362;S2;106.765073;107.765073;S3;99.9173427;100.9173427
S,77000,S1;106.1316792;107.1316792;S2;107.3566241;108.3566241;S3;100.3417875;101.3417875
S,77500,S1;107.3932871;108.3932871;S2;109.4469216;110.4469216;S3;102.1636762;103.1636762
S,78000,S1;106.9450277;107.9450277;S2;108.6743823;109.6743823;S3;101.559763;102.559763
S,78500,S1;106.3702551;107.3702551;S2;107.6943324;108.6943324;S3;100.8945986;101.8945986
S,79000,S1;107.0956744;108.0956744;S2;108.8868555;109.8868555;S3;102.1205433;103.1205433
S,79500,S1;106.2741073;107.2741073;S2;107.4958801;108.4958801;S3;101.3808392;102.3808392
S,80000,S1;106.4431876;107.4431876;S2;107.7616982;108.7616982;S3;101.2023732;102.2023732
S,80500,S1;105.698111;106.698111;S2;106.5013084;107.5013084;S3;100.6618437;101.6618437
S,81000,S1;106.9744465;107.9744465;S2;108.625341;109.625341;S3;102.0994133;103.0994133
S,81500,S1;106.5097204;107.5097204;S2;107.8296314;108.8296314;S3;102.3164286;103.3164286
S,82000,S1;106.5870009;107.5870009;S2;107.9408096;108.9408096;S3;102.9141645;103.9141645
S,82500,S1;107.0374554;108.0374554;S2;108.6735826;109.6735826;S3;103.3045452;104.3045452
S,83000,S1;107.6685346;108.6685346;S2;109.7019134;110.7019134;S3;104.1542578;105.1542578
S,83500,S1;108.358997;109.358997;S2;110.821072;111.821072;S3;104.2388928;105.2388928
S,84000,S1;109.0216544;110.0216544;S2;111.8855447;112.8855447;S3;104.5980685;105.5980685
S,84500,S1;108.6863342;109.6863342;S2;111.293157;112.293157;S3;104.2029977;105.2029977
S,85000,S1;107.8345831;108.8345831;S2;109.8492678;110.8492678;S3;103.5650774;104.5650774
S,85500,S1;107.7800175;108.7800175;S2;109.7317285;110.7317285;S3;103.7785549;104.7785549
S,86000,S1;107.3878698;108.3878698;S2;109.0547417;110.0547417;S3;103.6668548;104.6668548
S,86500,S1;107.7550601;108.7550601;S2;109.642699;110.642699;S3;104.228813;105.228813
S,87000,S1;108.2418833;109.2418833;S2;110.4254422;111.4254422;S3;104.267123;105.267123
S,87500,S1;107.3875666;108.3875666;S2;108.9806964;109.9806964;S3;103.2947675;104.2947675
S,88000,S1;107.4340211;108.4340211;S2;109.0365588;110.0365588;S3;103.7853917;104.7853917
S,88500,S1;107.852681;108.852681;S2;109.7108055;110.7108055;S3;104.0835805;105.0835805
S,89000,S1;107.7322636;108.7322636;S2;109.4861074;110.4861074;S3;103.7388868;104.7388868
S,89500,S1;107.1802951;108.1802951;S2;108.5463623;109.5463623;S3;103.011943;104.011943
S,90000,S1;106.3503594;107.3503594;S2;107.1475922;108.1475922;S3;102.5743784;103.5743784
S,90500,S1;106.4857738;107.4857738;S2;107.362847;108.362847;S3;102.4032195;103.4032195
S,91000,S1;106.2462239;107.2462239;S2;106.9516101;107.9516101;S3;102.0706307;103.0706307
S,91500,S1;106.4882865;107.4882865;S2;107.3461952;108.3461952;S3;102.1348881;103.1348881
S,92000,S1;105.6491462;106.6491462;S2;105.9353238;106.9353238;S3;101.374101;102.374101
S,92500,S1;105.1429426;106.1429426;S2;105.084657;106.084657;S3;101.1511419;102.1511419
S,93000,S1;106.2464186;107.2464186;S2;106.9350095;107.9350095;S3;101.8522384;102.8522384
S,93500,S1;107.1790017;108.1790017;S2;108.4823965;109.4823965;S3;103.1363253;104.1363253
S,94000,S1;107.8807043;108.8807043;S2;109.6321062;110.6321062;S3;103.4025823;104.4025823
S,94500,S1;107.1873999;108.1873999;S2;108.4584089;109.4584089;S3;103.1349951;104.1349951
S,95000,S1;106.4635658;107.4635658;S2;107.2374274;108.2374274;S3;102.5536115;103.5536115
S,95500,S1;107.1439439;108.1439439;S2;108.3617815;109.3617815;S3;102.7304987;103.7304987
S,96000,S1;107.4864916;108.4864916;S2;108.9153123;109.9153123;S3;103.3741033;104.3741033
S,96500,S1;107.5242832;108.5242832;S2;108.9589551;109.9589551;S3;102.7398282;103.7398282
S,97000,S1;106.6793941;107.6793941;S2;107.5361781;108.5361781;S3;102.3950534;103.3950534
S,97500,S1;107.512819;108.512819;S2;108.9135492;109.9135492;S3;103.3480901;104.3480901
S,98000,S1;107.0330362;108.0330362;S2;108.0977176;109.0977176;S3;102.661312;103.661312
S,98500,S1;105.9367337;106.9367337;S2;106.258932;107.258932;S3;101.460445;102.460445
S,99000,S1;106.8334243;107.8334243;S2;107.7530648;108.7530648;S3;102.0853762;103.0853762
S,99500,S1;107.3792107;108.3792107;S2;108.6497396;109.6497396;S3;102.7339608;103.7339608
S,100000,S1;107.4676608;108.4676608;S2;108.7797288;109.7797288;S3;103.0749322;104.0749322
S,100500,S1;108.0899429;109.0899429;S2;109.7961148;110.7961148;S3;103.4585864;104.4585864
S,101000,S1;108.2376514;109.2376514;S2;110.0181205;111.0181205;S3;103.2201998;104.2201998
S,101500,S1;108.1667024;109.1667024;S2;109.8767077;110.8767077;S3;103.1590198;104.1590198
S,102000,S1;108.6835262;109.6835262;S2;110.710335;111.710335;S3;103.4182174;104.4182174
S,102500,S1;108.9236611;109.9236611;S2;111.0804084;112.0804084;S3;102.9540756;103.9540756
S,103000,S1;110.1540864;111.1540864;S2;113.0851191;114.0851191;S3;104.338059;105.338059
S,103500,S1;110.4144803;111.4144803;S2;113.4743246;114.4743246;S3;103.7731676;104.7731676
S,104000,S1;109.5556845;110.5556845;S2;112.0214651;113.0214651;S3;102.8123136;103.8123136
S,104500,S1;110.6880464;111.6880464;S2;113.8557135;114.8557135;S3;104.1765223;105.1765223
S,105000,S1;110.6204235;111.6204235;S2;113.7022019;114.7022019;S3;103.8795699;104.8795699
S,105500,S1;109.5735338;110.5735338;S2;111.9410723;112.9410723;S3;103.330399;104.330399
S,106000,S1;108.846032;109.846032;S2;110.7097574;111.7097574;S3;102.6852126;103.6852126
S,106500,S1;110.2007665;111.2007665;S2;112.9244768;113.9244768;S3;103.8964556;104.8964556
S,107000,S1;109.9844324;110.9844324;S2;112.5320576;113.5320576;S3;104.7009838;105.7009838
S,107500,S1;109.5646085;110.5646085;S2;111.806678;112.806678;S3;104.1194724;105.1194724
S,108000,S1;109.1985347;110.1985347;S2;111.1729897;112.1729897;S3;103.6994152;104.6994152
S,108500,S1;108.6553297;109.6553297;S2;110.2496272;111.2496272;S3;103.405582;104.405582
S,109000,S1;108.9861862;109.9861862;S2;110.7756244;111.7756244;S3;104.0189935;105.0189935
S,109500,S1;110.2281086;111.2281086;S2;112.8037961;113.8037961;S3;105.3899073;106.3899073
S,110000,S1;110.6127761;111.6127761;S2;113.402091;114.402091;S3;105.9606883;106.9606883
S,110500,S1;110.9377217;111.9377217;S2;113.8985502;114.8985502;S3;106.1515227;107.1515227
S,111000,S1;109.7735613;110.7735613;S2;111.9485192;112.9485192;S3;105.2990071;106.2990071
S,111500,S1;109.8099909;110.8099909;S2;111.9794014;112.9794014;S3;106.3406699;107.3406699
S,112000,S1;108.4701489;109.4701489;S2;109.742907;110.742907;S3;105.3162668;106.3162668
S,112500,S1;107.7776301;108.7776301;S2;108.5793958;109.5793958;S3;104.6358964;105.6358964
S,113000,S1;106.451981;107.451981;S2;106.368499;107.368499;S3;102.8414855;103.8414855
S,113500,S1;108.131029;109.131029;S2;109.1700287;110.1700287;S3;104.3231397;105.3231397
S,114000,S1;107.4746987;108.4746987;S2;108.0682164;109.0682164;S3;104.1057459;105.1057459
S,114500,S1;107.7997683;108.7997683;S2;108.6003765;109.6003765;S3;103.9041786;104.9041786
S,115000,S1;108.6808167;109.6808167;S2;110.0517877;111.0517877;S3;104.4826333;105.4826333
S,115500,S1;108.7419969;109.7419969;S2;110.1346225;111.1346225;S3;103.7613226;104.7613226
S,116000,S1;108.7546241;109.7546241;S2;110.1368447;111.1368447;S3;103.4503045;104.4503045
S,116500,S1;108.4889766;109.4889766;S2;109.6790002;110.6790002;S3;103.5070827;104.5070827
S,117000,S1;108.4493658;109.4493658;S2;109.5974833;110.5974833;S3;103.0270184;104.0270184
S,117500,S1;109.0875989;110.0875989;S2;110.6387653;111.6387653;S3;103.7072427;104.7072427
S,118000,S1;109.8013654;110.8013654;S2;111.7969751;112.7969751;S3;103.8951851;104.8951851
S,118500,S1;109.667058;110.667058;S2;111.5489522;112.5489522;S3;102.9117833;103.9117833
S,119000,S1;108.9538335;109.9538335;S2;110.3480798;111.3480798;S3;102.0984592;103.0984592
S,119500,S1;109.00371;110.00371;S2;110.4118224;111.4118224;S3;101.7244464;102.7244464
S,120000,S1;109.6065533;110.6065533;S2;111.3890277;112.3890277;S3;102.4897732;103.4897732
S,120500,S1;109.3642807;110.3642807;S2;110.9657024;111.9657024;S3;101.9735729;102.9735729
S,121000,S1;110.4237549;111.4237549;S2;112.6925377;113.6925377;S3;103.5095422;104.5095422
S,121500,S1;110.3212766;111.3212766;S2;112.4936674;113.4936674;S3;102.9740939;103.9740939
S,122000,S1;110.9295095;111.9295095;S2;113.4648198;114.4648198;S3;103.5383039;104.5383039
S,122500,S1;110.6992126;111.6992126;S2;113.0529247;114.0529247;S3;103.8760625;104.8760625
S,123000,S1;111.1581087;112.1581087;S2;113.775052;114.775052;S3;104.2119845;105.2119845
S,123500,S1;110.4935472;111.4935472;S2;112.6502984;113.6502984;S3;103.3920295;104.3920295
S,124000,S1;109.7437853;110.7437853;S2;111.3891356;112.3891356;S3;103.0526151;104.0526151
S,124500,S1;108.1318941;109.1318941;S2;108.7108287;109.7108287;S3;101.9280324;102.9280324
S,125000,S1;107.4153942;108.4153942;S2;107.5154519;108.5154519;S3;101.5296216;102.5296216
S,125500,S1;107.7533597;108.7533597;S2;108.0757741;109.0757741;S3;101.9097983;102.9097983
S,126000,S1;108.6429508;109.6429508;S2;109.5480217;110.5480217;S3;101.8076701;102.8076701
S,126500,S1;107.7940282;108.7940282;S2;108.1313941;109.1313941;S3;101.0024553;102.0024553
S,127000,S1;106.9237975;107.9237975;S2;106.6826559;107.6826559;S3;100.2349949;101.2349949
S,127500,S1;107.8647709;108.8647709;S2;108.2525355;109.2525355;S3;101.583677;102.583677
S,128000,S1;108.591962;109.591962;S2;109.4538582;110.4538582;S3;102.2947857;103.2947857
S,128500,S1;107.8174794;108.8174794;S2;108.1607294;109.1607294;S3;101.3241893;102.3241893
S,129000,S1;108.107957;109.107957;S2;108.6381592;109.6381592;S3;101.0734513;102.0734513
S,129500,S1;108.3239783;109.3239783;S2;108.9891473;109.9891473;S3;100.722389;101.722389
S,130000,S1;108.3612946;109.3612946;S2;109.0420434;110.0420434;S3;100.8693882;101.8693882
S,130500,S1;109.1139557;110.1139557;S2;110.2794359;111.2794359;S3;101.7017993;102.7017993
S,131000,S1;108.4378235;109.4378235;S2;109.1470931;110.1470931;S3;101.4996401;102.4996401
S,131500,S1;109.2590243;110.2590243;S2;110.4972363;111.4972363;S3;102.2451438;103.2451438
S,132000,S1;108.9662616;109.9662616;S2;109.9973584;110.9973584;S3;101.9053183;102.9053183
S,132500,S1;108.7625051;109.7625051;S2;109.6468307;110.6468307;S3;101.276735;102.276735
S,133000,S1;109.961753;110.961753;S2;111.6182174;112.6182174;S3;101.9516412;102.9516412
S,133500,S1;109.7827154;110.7827154;S2;111.3012108;112.3012108;S3;101.5860986;102.5860986
S,134000,S1;109.7244285;110.7244285;S2;111.1848245;112.1848245;S3;101.6745914;102.6745914
S,134500,S1;110.2581892;111.2581892;S2;112.0449081;113.0449081;S3;102.2528849;103.2528849
S,135000,S1;110.0334873;111.0334873;S2;111.6513527;112.6513527;S3;101.9036511;102.9036511
S,135500,S1;109.9782849;110.9782849;S2;111.5387982;112.5387982;S3;102.4672707;103.4672707
S,136000,S1;110.115642;111.115642;S2;111.7440512;112.7440512;S3;102.4637823;103.4637823
S,136500,S1;110.1268174;111.1268174;S2;111.7406223;112.7406223;S3;103.0039825;104.0039825
S,137000,S1;109.5372646;110.5372646;S2;110.7487871;111.7487871;S3;102.3019098;103.3019098
S,137500,S1;109.0566077;110.0566077;S2;109.9398867;110.9398867;S3;102.0034436;103.0034436
S,138000,S1;108.1371818;109.1371818;S2;108.4091787;109.4091787;S3;101.252613;102.252613
S,138500,S1;107.5183473;108.5183473;S2;107.3798179;108.3798179;S3;101.4319269;102.4319269
S,139000,S1;107.5491426;108.5491426;S2;107.4328333;108.4328333;S3;101.8968615;102.8968615
S,139500,S1;107.5226196;108.5226196;S2;107.3903351;108.3903351;S3;101.8803581;102.8803581
S,140000,S1;108.0482413;109.0482413;S2;108.2652901;109.2652901;S3;101.6905471;102.6905471
S,140500,S1;108.2403362;109.2403362;S2;108.5808818;109.5808818;S3;101.8496404;102.8496404
S,141000,S1;107.8110957;108.8110957;S2;107.8651214;108.8651214;S3;100.1772358;101.1772358
S,141500,S1;107.558604;108.558604;S2;107.4453937;108.4453937;S3;99.8553712;100.8553712
S,142000,S1;107.5927528;108.5927528;S2;107.5036323;108.5036323;S3;100.0116136;101.0116136
S,142500,S1;106.6060241;107.6060241;S2;105.8660595;106.8660595;S3;99.23436306;100.23436306
S,143000,S1;106.88305;107.88305;S2;106.3377483;107.3377483;S3;99.37193034;100.37193034
S,143500,S1;106.9553612;107.9553612;S2;106.4654662;107.4654662;S3;99.9207293;100.9207293
S,144000,S1;107.7438687;108.7438687;S2;107.7846813;108.7846813;S3;100.9733309;101.9733309
S,144500,S1;108.6177976;109.6177976;S2;109.2347564;110.2347564;S3;101.2257551;102.2257551
S,145000,S1;109.5882061;110.5882061;S2;110.8321276;111.8321276;S3;101.8980363;102.8980363
S,145500,S1;110.8055471;111.8055471;S2;112.8226479;113.8226479;S3;102.7698083;103.7698083
S,146000,S1;110.533294;111.533294;S2;112.3486515;113.3486515;S3;102.2476071;103.2476071
S,146500,S1;110.7144242;111.7144242;S2;112.6219784;113.6219784;S3;102.2016854;103.2016854
S,147000,S1;110.3921219;111.3921219;S2;112.0671129;113.0671129;S3;101.480073;102.480073
S,147500,S1;109.7331923;110.7331923;S2;110.9613044;111.9613044;S3;99.8781983;100.8781983
S,148000,S1;109.9686273;110.9686273;S2;111.3328392;112.3328392;S3;100.1420575;101.1420575
S,148500,S1;109.5828133;110.5828133;S2;110.679279;111.679279;S3;99.9988397;100.9988397
S,149000,S1;109.9160229;110.9160229;S2;111.2140029;112.2140029;S3;100.555806;101.555806
S,149500,S1;109.3683432;110.3683432;S2;110.294634;111.294634;S3;100.3724085;101.3724085
S,150000,S1;110.0944913;111.0944913;S2;111.4804597;112.4804597;S3;100.6763105;101.6763105
S,150500,S1;109.2885632;110.2885632;S2;110.1354428;111.1354428;S3;99.9490046;100.9490046
S,151000,S1;109.6597028;110.6597028;S2;110.736698;111.736698;S3;100.2462737;101.2462737
S,151500,S1;110.2897375;111.2897375;S2;111.7608213;112.7608213;S3;100.9911227;101.9911227
S,152000,S1;109.7917303;110.7917303;S2;110.9220254;111.9220254;S3;101.3804784;102.3804784
S,152500,S1;109.6664169;110.6664169;S2;110.7004091;111.7004091;S3;101.3350848;102.3350848
S,153000,S1;109.4052144;110.4052144;S2;110.2559953;111.2559953;S3;100.7549943;101.7549943
S,153500,S1;109.0538596;110.0538596;S2;109.6648908;110.6648908;S3;99.5572406;100.5572406
S,154000,S1;107.8768499;108.8768499;S2;107.7122888;108.7122888;S3;98.76055745;99.76055745
S,154500,S1;107.8971878;108.8971878;S2;107.748236;108.748236;S3;98.81455599;99.81455599
S,155000,S1;108.1338632;109.1338632;S2;108.1428652;109.1428652;S3;99.6075716;100.6075716
S,155500,S1;108.2056226;109.2056226;S2;108.261687;109.261687;S3;99.8402712;100.8402712
S,156000,S1;107.833912;108.833912;S2;107.6449804;108.6449804;S3;99.33293692;100.33293692
S,156500,S1;108.6196402;109.6196402;S2;108.9513002;109.9513002;S3;100.4397271;101.4397271
S,157000,S1;108.7578957;109.7578957;S2;109.175612;110.175612;S3;100.2609238;101.2609238
S,157500,S1;109.4327895;110.4327895;S2;110.2861278;111.2861278;S3;100.8612813;101.8612813
S,158000,S1;108.7672772;109.7672772;S2;109.1767657;110.1767657;S3;100.1301215;101.1301215
S,158500,S1;108.3772312;109.3772312;S2;108.5262576;109.5262576;S3;99.6890537;100.6890537
S,159000,S1;108.9694002;109.9694002;S2;109.5049202;110.5049202;S3;100.4387931;101.4387931
S,159500,S1;109.2140957;110.2140957;S2;109.9021031;110.9021031;S3;100.4926654;101.4926654
S,160000,S1;109.4555039;110.4555039;S2;110.2914591;111.2914591;S3;101.0728017;102.0728017
S,160500,S1;111.059868;112.059868;S2;112.9268378;113.9268378;S3;102.5463124;103.5463124
S,161000,S1;110.825083;111.825083;S2;112.5167093;113.5167093;S3;101.4888583;102.4888583
S,161500,S1;111.3295369;112.3295369;S2;113.322164;114.322164;S3;101.4578623;102.4578623
S,162000,S1;112.7558411;113.7558411;S2;115.6327863;116.6327863;S3;102.6812566;103.6812566
S,162500,S1;113.6750606;114.6750606;S2;117.0931911;118.0931911;S3;104.2894842;105.2894842
S,163000,S1;114.5287894;115.5287894;S2;118.4352146;119.4352146;S3;104.9065088;105.9065088
S,163500,S1;114.0882579;115.0882579;S2;117.6687835;118.6687835;S3;104.6048424;105.6048424
S,164000,S1;114.5311866;115.5311866;S2;118.3398327;119.3398327;S3;105.3937125;106.3937125
S,164500,S1;112.9403652;113.9403652;S2;115.7101555;116.7101555;S3;104.4964223;105.4964223
S,165000,S1;112.8052435;113.8052435;S2;115.4528382;116.4528382;S3;104.6347226;105.6347226
S,165500,S1;113.1537416;114.1537416;S2;115.9855547;116.9855547;S3;104.8087602;105.8087602
S,166000,S1;113.2117;114.2117;S2;116.0419922;117.0419922;S3;104.8147574;105.8147574
S,166500,S1;112.4449011;113.4449011;S2;114.7555988;115.7555988;S3;103.4635265;104.4635265
S,167000,S1;111.5095912;112.5095912;S2;113.1978171;114.1978171;S3;102.8540169;103.8540169
S,167500,S1;110.9756887;111.9756887;S2;112.3008226;113.3008226;S3;102.3221532;103.3221532
S,168000,S1;110.7310055;111.7310055;S2;111.8816006;112.8816006;S3;102.5269836;103.5269836
S,168500,S1;111.7891448;112.7891448;S2;113.6038212;114.6038212;S3;103.8701387;104.8701387
S,169000,S1;112.6254149;113.6254149;S2;114.9477369;115.9477369;S3;104.5372378;105.5372378
S,169500,S1;111.6349717;112.6349717;S2;113.3007984;114.3007984;S3;103.5953289;104.5953289
S,170000,S1;110.4055909;111.4055909;S2;111.2659952;112.2659952;S3;101.8889356;102.8889356
S,170500,S1;111.1642472;112.1642472;S2;112.5017335;113.5017335;S3;102.6216244;103.6216244
S,171000,S1;111.0329617;112.0329617;S2;112.2685459;113.2685459;S3;102.0473948;103.0473948
S,171500,S1;111.2214824;112.2214824;S2;112.5612433;113.5612433;S3;102.59464;103.59464
S,172000,S1;112.1146384;113.1146384;S2;114.0074814;115.0074814;S3;103.3643606;104.3643606
S,172500,S1;112.2787183;113.2787183;S2;114.2502689;115.2502689;S3;104.5753601;105.5753601
S,173000,S1;111.1103783;112.1103783;S2;112.3155402;113.3155402;S3;103.2309729;104.2309729
S,173500,S1;111.5088746;112.5088746;S2;112.9529175;113.9529175;S3;103.3519692;104.3519692
S,174000,S1;112.2118256;113.2118256;S2;114.0847933;115.0847933;S3;104.3747941;105.3747941
S,174500,S1;112.186791;113.186791;S2;114.018796;115.018796;S3;104.8956163;105.8956163
S,175000,S1;111.9069535;112.9069535;S2;113.5370295;114.5370295;S3;104.1355711;105.1355711
S,175500,S1;112.2942388;113.2942388;S2;114.1485708;115.1485708;S3;104.3244395;105.3244395
S,176000,S1;111.7399644;112.7399644;S2;113.2184461;114.2184461;S3;103.3591227;104.3591227
S,176500,S1;110.1770516;111.1770516;S2;110.6410971;111.6410971;S3;101.6779875;102.6779875
S,177000,S1;111.0872405;112.0872405;S2;112.1324838;113.1324838;S3;102.8371843;103.8371843
S,177500,S1;111.6768768;112.6768768;S2;113.0855485;114.0855485;S3;102.9434637;103.9434637
S,178000,S1;111.2262447;112.2262447;S2;112.3291004;113.3291004;S3;102.3319467;103.3319467
S,178500,S1;110.8705302;111.8705302;S2;111.731193;112.731193;S3;102.0866197;103.0866197
S,179000,S1;111.3011552;112.3011552;S2;112.4264706;113.4264706;S3;102.8586387;103.8586387
S,179500,S1;110.651333;111.651333;S2;111.3464048;112.3464048;S3;101.9919119;102.9919119
S,180000,S1;110.9347715;111.9347715;S2;111.8026738;112.8026738;S3;102.4534039;103.4534039
S,180500,S1;110.461937;111.461937;S2;111.0151272;112.0151272;S3;102.2250041;103.2250041
S,181000,S1;110.1029338;111.1029338;S2;110.4176132;111.4176132;S3;101.9387547;102.9387547
S,181500,S1;110.2832284;111.2832284;S2;110.7101274;111.7101274;S3;102.1547084;103.1547084
S,182000,S1;108.8496815;109.8496815;S2;108.3465666;109.3465666;S3;101.0802141;102.0802141
S,182500,S1;108.6763317;109.6763317;S2;108.0667243;109.0667243;S3;100.0376779;101.0376779
S,183000,S1;109.0841134;110.0841134;S2;108.7494658;109.7494658;S3;101.5733138;102.5733138
S,183500,S1;108.5259254;109.5259254;S2;107.8319268;108.8319268;S3;100.9845196;101.9845196
S,184000,S1;108.1747181;109.1747181;S2;107.2599248;108.2599248;S3;99.7066;100.7066
S,184500,S1;108.3423275;109.3423275;S2;107.549957;108.549957;S3;100.1791138;101.1791138
S,185000,S1;108.0212922;109.0212922;S2;107.0288576;108.0288576;S3;100.0890867;101.0890867
S,185500,S1;108.2964204;109.2964204;S2;107.4983735;108.4983735;S3;100.3897889;101.3897889
S,186000,S1;107.7552513;108.7552513;S2;106.6126021;107.6126021;S3;100.1444866;101.1444866
S,186500,S1;107.9681542;108.9681542;S2;106.9812934;107.9812934;S3;100.5242735;101.5242735
S,187000,S1;107.9222145;108.9222145;S2;106.9183254;107.9183254;S3;100.2104519;101.2104519
S,187500,S1;108.4681556;109.4681556;S2;107.8373847;108.8373847;S3;101.5460388;102.5460388
S,188000,S1;108.1975114;109.1975114;S2;107.3977856;108.3977856;S3;101.2424979;102.2424979
S,188500,S1;108.3169492;109.3169492;S2;107.6064261;108.6064261;S3;101.7613292;102.7613292
S,189000,S1;109.1196571;110.1196571;S2;108.9455608;109.9455608;S3;102.5834474;103.5834474
S,189500,S1;108.1297827;109.1297827;S2;107.3130135;108.3130135;S3;101.4194013;102.4194013
S,190000,S1;108.2080903;109.2080903;S2;107.4537563;108.4537563;S3;100.7709575;101.7709575
S,190500,S1;108.648332;109.648332;S2;108.1933747;109.1933747;S3;101.4442967;102.4442967
S,191000,S1;108.0339908;109.0339908;S2;107.1830943;108.1830943;S3;100.5741549;101.5741549
S,191500,S1;108.8922785;109.8922785;S2;108.6176417;109.6176417;S3;101.9057925;102.9057925
S,192000,S1;109.6711055;110.6711055;S2;109.9086902;110.9086902;S3;102.3640925;103.3640925
S,192500,S1;109.6543318;110.6543318;S2;109.8778578;110.8778578;S3;102.5769016;103.5769016
S,193000,S1;111.2570911;112.2570911;S2;112.5169165;113.5169165;S3;104.4469324;105.4469324
S,193500,S1;111.9595532;112.9595532;S2;113.6514696;114.6514696;S3;104.7595982;105.7595982
S,194000,S1;112.0746299;113.0746299;S2;113.8169653;114.8169653;S3;105.2573708;106.2573708
S,194500,S1;112.4527351;113.4527351;S2;114.4116309;115.4116309;S3;105.8892744;106.8892744
S,195000,S1;111.6907667;112.6907667;S2;113.141563;114.141563;S3;105.3269178;106.3269178
S,195500,S1;110.7341562;111.7341562;S2;111.5564659;112.5564659;S3;104.1713153;105.1713153
S,196000,S1;110.458168;111.458168;S2;111.092234;112.092234;S3;104.1924287;105.1924287
S,196500,S1;110.5350701;111.5350701;S2;111.2101448;112.2101448;S3;103.9286281;104.9286281
S,197000,S1;110.9511095;111.9511095;S2;111.8847753;112.8847753;S3;104.4187587;105.4187587
S,197500,S1;110.6675528;111.6675528;S2;111.4069772;112.4069772;S3;103.3864001;104.3864001
S,198000,S1;110.7558767;111.7558767;S2;111.5421436;112.5421436;S3;104.0286725;105.0286725
S,198500,S1;111.0256985;112.0256985;S2;111.9746605;112.9746605;S3;103.9513344;104.9513344
S,199000,S1;111.4601589;112.4601589;S2;112.6746626;113.6746626;S3;104.5484364;105.5484364
S,199500,S1;111.656877;112.656877;S2;112.980609;113.980609;S3;104.1678223;105.1678223
S,200000,S1;113.0507759;114.0507759;S2;115.2444926;116.2444926;S3;105.7183558;106.7183558
S,200500,S1;112.7834033;113.7834033;S2;114.7795348;115.7795348;S3;105.7948442;106.7948442
S,201000,S1;111.9174673;112.9174673;S2;113.3408521;114.3408521;S3;104.7448585;105.7448585
S,201500,S1;112.4031078;113.4031078;S2;114.1159887;115.1159887;S3;105.3442323;106.3442323
S,202000,S1;112.8862001;113.8862001;S2;114.8817585;115.8817585;S3;104.8279739;105.8279739
S,202500,S1;112.0927354;113.0927354;S2;113.5617038;114.5617038;S3;104.1032546;105.1032546
S,203000,S1;112.5049376;113.5049376;S2;114.2157219;115.2157219;S3;105.2688016;106.2688016
S,203500,S1;112.3581326;113.3581326;S2;113.9531993;114.9531993;S3;105.9546846;106.9546846
S,204000,S1;113.0843365;114.0843365;S2;115.117648;116.117648;S3;106.2077689;107.2077689
S,204500,S1;113.9344466;114.9344466;S2;116.4751114;117.4751114;S3;106.6201242;107.6201242
S,205000,S1;112.5431518;113.5431518;S2;114.1813427;115.1813427;S3;105.5996868;106.5996868
S,205500,S1;112.5472374;113.5472374;S2;114.166058;115.166058;S3;106.1843124;107.1843124
S,206000,S1;112.7399099;113.7399099;S2;114.458778;115.458778;S3;106.0229536;107.0229536
S,206500,S1;112.5997443;113.5997443;S2;114.2071671;115.2071671;S3;105.7741159;106.7741159
S,207000,S1;112.5567397;113.5567397;S2;114.1154631;115.1154631;S3;106.1568547;107.1568547
S,207500,S1;112.4583257;113.4583257;S2;113.9339849;114.9339849;S3;105.5986359;106.5986359
S,208000,S1;111.2926221;112.2926221;S2;112.0113813;113.0113813;S3;104.712573;105.712573
S,208500,S1;111.287577;112.287577;S2;111.9934813;112.9934813;S3;105.2088539;106.2088539
S,209000,S1;111.3798433;112.3798433;S2;112.1352436;113.1352436;S3;105.4997996;106.4997996
S,209500,S1;110.8534717;111.8534717;S2;111.262693;112.262693;S3;105.2268697;106.2268697
S,210000,S1;110.839725;111.839725;S2;111.2346447;112.2346447;S3;105.1074382;106.1074382
S,210500,S1;110.2095337;111.2095337;S2;110.1948703;111.1948703;S3;104.1859582;105.1859582
S,211000,S1;108.7827977;109.7827977;S2;107.8478166;108.8478166;S3;102.5037026;103.5037026
S,211500,S1;108.8233858;109.8233858;S2;107.9274622;108.9274622;S3;102.7831016;103.7831016
S,212000,S1;108.8597384;109.8597384;S2;107.9995719;108.9995719;S3;102.6343135;103.6343135
S,212500,S1;108.3233983;109.3233983;S2;107.1244462;108.1244462;S3;102.0175015;103.0175015
S,213000,S1;108.0617444;109.0617444;S2;106.7071161;107.7071161;S3;101.4925267;102.4925267
S,213500,S1;107.5936789;108.5936789;S2;105.9492373;106.9492373;S3;100.9643481;101.9643481
S,214000,S1;108.1499636;109.1499636;S2;106.8951519;107.8951519;S3;101.0496517;102.0496517
S,214500,S1;108.0760667;109.0760667;S2;106.7894883;107.7894883;S3;101.3699549;102.3699549
S,215000,S1;107.9166528;108.9166528;S2;106.5424415;107.5424415;S3;101.6041396;102.6041396
S,215500,S1;108.2688105;109.2688105;S2;107.1450269;108.1450269;S3;102.1151305;103.1151305
S,216000,S1;108.8095525;109.8095525;S2;108.0559335;109.0559335;S3;103.0349308;104.0349308
S,216500,S1;107.8359606;108.8359606;S2;106.4562442;107.4562442;S3;102.1738903;103.1738903
S,217000,S1;107.4498421;108.4498421;S2;105.8340365;106.8340365;S3;102.019748;103.019748
S,217500,S1;106.9734887;107.9734887;S2;105.0641399;106.0641399;S3;100.8381703;101.8381703
S,218000,S1;106.8712282;107.8712282;S2;104.9195008;105.9195008;S3;101.304264;102.304264
S,218500,S1;105.7862401;106.7862401;S2;103.1388789;104.1388789;S3;100.7172769;101.7172769
S,219000,S1;105.184526;106.184526;S2;102.1682636;103.1682636;S3;100.5751274;101.5751274
S,219500,S1;105.2639346;106.2639346;S2;102.3417598;103.3417598;S3;100.5552756;101.5552756
S,220000,S1;105.8879115;106.8879115;S2;103.4263019;104.4263019;S3;100.7395575;101.7395575
S,220500,S1;105.7831684;106.7831684;S2;103.28422;104.28422;S3;99.9860039;100.9860039
S,221000,S1;104.7675593;105.7675593;S2;101.6195475;102.6195475;S3;98.75585416;99.75585416
S,221500,S1;104.1528622;105.1528622;S2;100.6299354;101.6299354;S3;98.25691429;99.25691429
S,222000,S1;104.4077166;105.4077166;S2;101.1059424;102.1059424;S3;98.20222745;99.20222745
S,222500,S1;104.2927594;105.2927594;S2;100.956958;101.956958;S3;97.21127202;98.21127202
S,223000,S1;104.3094141;105.3094141;S2;101.0296645;102.0296645;S3;97.03676286;98.03676286
S,223500,S1;104.0255607;105.0255607;S2;100.5963112;101.5963112;S3;97.30512821;98.30512821
S,224000,S1;103.8818121;104.8818121;S2;100.4002824;101.4002824;S3;96.78081672;97.78081672
S,224500,S1;103.9094803;104.9094803;S2;100.4935365;101.4935365;S3;96.9768947;97.9768947
S,225000,S1;104.5320155;105.5320155;S2;101.587734;102.587734;S3;97.88701104;98.88701104
S,225500,S1;104.8979543;105.8979543;S2;102.2419881;103.2419881;S3;98.08288323;99.08288323
S,226000,S1;104.3202145;105.3202145;S2;101.308302;102.308302;S3;97.24013527;98.24013527
S,226500,S1;104.2112436;105.2112436;S2;101.1654338;102.1654338;S3;96.86624221;97.86624221
S,227000,S1;103.3800073;104.3800073;S2;99.8079849;100.8079849;S3;96.35792499;97.35792499
S,227500,S1;103.3850862;104.3850862;S2;99.8644212;100.8644212;S3;94.86628372;95.86628372
S,228000,S1;103.1019737;104.1019737;S2;99.4338252;100.4338252;S3;94.83308316;95.83308316
S,228500,S1;103.2355476;104.2355476;S2;99.7086451;100.7086451;S3;94.55569639;95.55569639
S,229000,S1;102.1367152;103.1367152;S2;97.90045671;98.90045671;S3;93.96560054;94.96560054
S,229500,S1;101.7012028;102.7012028;S2;97.21862139;98.21862139;S3;93.64427074;94.64427074
S,230000,S1;100.5654771;101.5654771;S2;95.34920191;96.34920191;S3;92.35849931;93.35849931
S,230500,S1;100.7473387;101.7473387;S2;95.72949339;96.72949339;S3;92.04589559;93.04589559
S,231000,S1;100.5089002;101.5089002;S2;95.39007891;96.39007891;S3;92.79252094;93.79252094
S,231500,S1;100.2569756;101.2569756;S2;95.0285978;96.0285978;S3;92.97842859;93.97842859
S,232000,S1;100.4078501;101.4078501;S2;95.35649027;96.35649027;S3;92.52788201;93.52788201
S,232500,S1;100.2143706;101.2143706;S2;95.09374286;96.09374286;S3;92.30255355;93.30255355
S,233000,S1;99.7037123;100.7037123;S2;94.28953216;95.28953216;S3;92.18200477;93.18200477
S,233500,S1;100.3793644;101.3793644;S2;95.5193619;96.5193619;S3;93.34355759;94.34355759
S,234000,S1;100.8712083;101.8712083;S2;96.42458443;97.42458443;S3;93.69700159;94.69700159
S,234500,S1;101.5887779;102.5887779;S2;97.70735547;98.70735547;S3;95.06869058;96.06869058
S,235000,S1;101.7488774;102.7488774;S2;98.03148289;99.03148289;S3;95.72133995;96.72133995
S,235500,S1;102.26691;103.26691;S2;98.96121352;99.96121352;S3;96.45954109;97.45954109
S,236000,S1;101.6137768;102.6137768;S2;97.8984138;98.8984138;S3;95.60652546;96.60652546
S,236500,S1;101.0691987;102.0691987;S2;97.02268926;98.02268926;S3;94.96817048;95.96817048
S,237000,S1;101.2544609;102.2544609;S2;97.39246041;98.39246041;S3;95.83068198;96.83068198
S,237500,S1;101.2485315;102.2485315;S2;97.43411946;98.43411946;S3;95.74323156;96.74323156
S,238000,S1;101.7615598;102.7615598;S2;98.3584123;99.3584123;S3;96.50262033;97.50262033
S,238500,S1;101.9428224;102.9428224;S2;98.71188707;99.71188707;S3;96.82199302;97.82199302
S,239000,S1;101.1730514;102.1730514;S2;97.44868545;98.44868545;S3;96.22117902;97.22117902
S,239500,S1;101.7323889;102.7323889;S2;98.45088188;99.45088188;S3;97.23438771;98.23438771
S,240000,S1;101.7869595;102.7869595;S2;98.58755245;99.58755245;S3;96.67132802;97.67132802
S,240500,S1;101.7095274;102.7095274;S2;98.49892051;99.49892051;S3;97.27776125;98.27776125
S,241000,S1;101.6235988;102.6235988;S2;98.3959633;99.3959633;S3;96.57304302;97.57304302
S,241500,S1;101.9663265;102.9663265;S2;99.02165623;100.02165623;S3;97.30843912;98.30843912
S,242000,S1;101.2337781;102.2337781;S2;97.81791193;98.81791193;S3;96.8693948;97.8693948
S,242500,S1;100.1606702;101.1606702;S2;96.03713395;97.03713395;S3;96.08998422;97.08998422
S,243000,S1;100.3049495;101.3049495;S2;96.33904886;97.33904886;S3;96.00351702;97.00351702
S,243500,S1;100.7246869;101.7246869;S2;97.10934779;98.10934779;S3;96.89311248;97.89311248
S,244000,S1;100.1656857;101.1656857;S2;96.20433636;97.20433636;S3;96.31075945;97.31075945
S,244500,S1;100.9182175;101.9182175;S2;97.5439184;98.5439184;S3;96.96119969;97.96119969
S,245000,S1;101.2149099;102.2149099;S2;98.09478609;99.09478609;S3;96.81984268;97.81984268
S,245500,S1;101.2222726;102.2222726;S2;98.14912877;99.14912877;S3;97.56684198;98.56684198
S,246000,S1;100.1540421;101.1540421;S2;96.37197546;97.37197546;S3;96.48951158;97.48951158
S,246500,S1;99.8964147;100.8964147;S2;95.98220403;96.98220403;S3;96.53925056;97.53925056
S,247000,S1;99.5623543;100.5623543;S2;95.46292161;96.46292161;S3;96.06728561;97.06728561
S,247500,S1;98.46916696;99.46916696;S2;93.64430512;94.64430512;S3;94.96995655;95.96995655
S,248000,S1;98.51452356;99.51452356;S2;93.78704989;94.78704989;S3;94.95467602;95.95467602
S,248500,S1;99.0171285;100.0171285;S2;94.71557961;95.71557961;S3;95.72582498;96.72582498
S,249000,S1;97.61167198;98.61167198;S2;92.35899528;93.35899528;S3;94.64258;95.64258
S,249500,S1;98.18176841;99.18176841;S2;93.4145268;94.4145268;S3;95.26423515;96.26423515
S,250000,S1;97.12262059;98.12262059;S2;91.65261976;92.65261976;S3;94.72135683;95.72135683
S,250500,S1;96.4301972;97.4301972;S2;90.52686168;91.52686168;S3;94.1735375;95.1735375
S,251000,S1;97.57421119;98.57421119;S2;92.59301263;93.59301263;S3;95.89895807;96.89895807
S,251500,S1;96.77301164;97.77301164;S2;91.27503834;92.27503834;S3;95.25322719;96.25322719
S,252000,S1;96.69717396;97.69717396;S2;91.21718511;92.21718511;S3;95.1988206;96.1988206
S,252500,S1;96.85613763;97.85613763;S2;91.56640036;92.56640036;S3;95.42350639;96.42350639
S,253000,S1;97.31041586;98.31041586;S2;92.42485742;93.42485742;S3;95.96233615;96.96233615
S,253500,S1;96.68753209;97.68753209;S2;91.41256324;92.41256324;S3;94.84247029;95.84247029
S,254000,S1;96.5460508;97.5460508;S2;91.237784;92.237784;S3;94.72903054;95.72903054
S,254500,S1;95.92843654;96.92843654;S2;90.23671937;91.23671937;S3;94.58055325;95.58055325
S,255000,S1;96.49395404;97.49395404;S2;91.29740831;92.29740831;S3;95.09140595;96.09140595
S,255500,S1;96.69579512;97.69579512;S2;91.7175235;92.7175235;S3;95.55164789;96.55164789
S,256000,S1;97.44846814;98.44846814;S2;93.09003999;94.09003999;S3;96.38948755;97.38948755
S,256500,S1;97.65963319;98.65963319;S2;93.51359933;94.51359933;S3;96.35354694;97.35354694
S,257000,S1;97.36387188;98.36387188;S2;93.05817599;94.05817599;S3;96.10850497;97.10850497
S,257500,S1;97.78272076;98.78272076;S2;93.84042927;94.84042927;S3;96.39849709;97.39849709
S,258000,S1;97.87125178;98.87125178;S2;94.04612836;95.04612836;S3;96.7093909;97.7093909
S,258500,S1;97.42042906;98.42042906;S2;93.3192144;94.3192144;S3;96.36991808;97.36991808
S,259000,S1;97.22227726;98.22227726;S2;93.031476;94.031476;S3;95.90181973;96.90181973
S,259500,S1;96.23768811;97.23768811;S2;91.38337354;92.38337354;S3;94.58996472;95.58996472
S,260000,S1;96.51049388;97.51049388;S2;91.92265974;92.92265974;S3;94.18708878;95.18708878
S,260500,S1;96.24875639;97.24875639;S2;91.5296826;92.5296826;S3;94.18406029;95.18406029
S,261000,S1;96.10171961;97.10171961;S2;91.33732574;92.33732574;S3;93.66400225;94.66400225
S,261500,S1;95.90064173;96.90064173;S2;91.05141111;92.05141111;S3;93.30343114;94.30343114
S,262000,S1;95.50184059;96.50184059;S2;90.42209583;91.42209583;S3;91.84075003;92.84075003
S,262500,S1;95.7581802;96.7581802;S2;90.93722924;91.93722924;S3;92.11228014;93.11228014
S,263000,S1;96.42793789;97.42793789;S2;92.16858269;93.16858269;S3;92.88852031;93.88852031
S,263500,S1;96.06851199;97.06851199;S2;91.60136239;92.60136239;S3;92.17833909;93.17833909
S,264000,S1;96.8133929;97.8133929;S2;92.95706717;93.95706717;S3;93.37377013;94.37377013
S,264500,S1;96.88157315;97.88157315;S2;93.12696687;94.12696687;S3;92.64720295;93.64720295
S,265000,S1;97.02538245;98.02538245;S2;93.42657081;94.42657081;S3;92.7192786;93.7192786
S,265500,S1;97.07293893;98.07293893;S2;93.55718221;94.55718221;S3;92.42208398;93.42208398
S,266000,S1;97.31512019;98.31512019;S2;94.02376415;95.02376415;S3;92.29545715;93.29545715
S,266500,S1;96.16304254;97.16304254;S2;92.07449681;93.07449681;S3;91.07060853;92.07060853
S,267000,S1;96.5322642;97.5322642;S2;92.77133909;93.77133909;S3;91.57259954;92.57259954
S,267500,S1;95.84169748;96.84169748;S2;91.6228204;92.6228204;S3;90.32265308;91.32265308
S,268000,S1;95.57335743;96.57335743;S2;91.21206365;92.21206365;S3;89.98238523;90.98238523
S,268500,S1;95.78194307;96.78194307;S2;91.63416977;92.63416977;S3;90.65039152;91.65039152
S,269000,S1;95.8779619;96.8779619;S2;91.85700214;92.85700214;S3;90.31553298;91.31553298
S,269500,S1;94.88156787;95.88156787;S2;90.17603176;91.17603176;S3;88.96339503;89.96339503
S,270000,S1;95.4955538;96.4955538;S2;91.31286864;92.31286864;S3;89.60697596;90.60697596
S,270500,S1;95.00859434;96.00859434;S2;90.51961935;91.51961935;S3;89.64653379;90.64653379
S,271000,S1;94.82355755;95.82355755;S2;90.25635028;91.25635028;S3;89.12236595;90.12236595
S,271500,S1;95.22542428;96.22542428;S2;91.02054741;92.02054741;S3;89.28876165;90.28876165
S,272000,S1;94.76809359;95.76809359;S2;90.27831024;91.27831024;S3;88.49455096;89.49455096
S,272500,S1;95.47602489;96.47602489;S2;91.57718592;92.57718592;S3;88.60449695;89.60449695
S,273000,S1;94.59710028;95.59710028;S2;90.09638062;91.09638062;S3;87.89087383;88.89087383
S,273500,S1;95.00713188;96.00713188;S2;90.87470152;91.87470152;S3;88.43715634;89.43715634
S,274000,S1;95.46154816;96.46154816;S2;91.72434453;92.72434453;S3;89.05233577;90.05233577
S,274500,S1;96.21840385;97.21840385;S2;93.09464107;94.09464107;S3;89.88286319;90.88286319
S,275000,S1;96.29570712;97.29570712;S2;93.27089285;94.27089285;S3;89.07057203;90.07057203
S,275500,S1;95.83171478;96.83171478;S2;92.5050386;93.5050386;S3;88.46821924;89.46821924
S,276000,S1;96.14738595;97.14738595;S2;93.09935284;94.09935284;S3;88.91282464;89.91282464
S,276500,S1;96.25398846;97.25398846;S2;93.32558503;94.32558503;S3;89.05596531;90.05596531
S,277000,S1;95.51210026;96.51210026;S2;92.07523893;93.07523893;S3;88.70992992;89.70992992
S,277500,S1;94.98662831;95.98662831;S2;91.20489404;92.20489404;S3;88.47141916;89.47141916
S,278000,S1;94.66398992;95.66398992;S2;90.69158192;91.69158192;S3;88.51460298;89.51460298
S,278500,S1;94.51465874;95.51465874;S2;90.48339542;91.48339542;S3;88.37623011;89.37623011
S,279000,S1;94.97943795;95.97943795;S2;91.35159769;92.35159769;S3;88.48158079;89.48158079
S,279500,S1;94.51763303;95.51763303;S2;90.59292762;91.59292762;S3;87.774276;88.774276
S,280000,S1;94.64837026;95.64837026;S2;90.87453632;91.87453632;S3;88.27593304;89.27593304
S,280500,S1;94.02077155;95.02077155;S2;89.82636408;90.82636408;S3;87.73909039;88.73909039
S,281000,S1;93.71808155;94.71808155;S2;89.35113881;90.35113881;S3;86.83913624;87.83913624
S,281500,S1;93.57348485;94.57348485;S2;89.15543754;90.15543754;S3;85.96440838;86.96440838
S,282000,S1;93.12722531;94.12722531;S2;88.42954172;89.42954172;S3;86.12337482;87.12337482
S,282500,S1;93.70054904;94.70054904;S2;89.5032053;90.5032053;S3;87.44549144;88.44549144
S,283000,S1;93.82474157;94.82474157;S2;89.77781255;90.77781255;S3;87.90320257;88.90320257
S,283500,S1;93.8280222;94.8280222;S2;89.83780633;90.83780633;S3;88.59099021;89.59099021
S,284000,S1;92.55028283;93.55028283;S2;87.64598565;88.64598565;S3;86.59201514;87.59201514
S,284500,S1;93.26453414;94.26453414;S2;88.97423821;89.97423821;S3;87.28445607;88.28445607
S,285000,S1;93.4035339;94.4035339;S2;89.27661609;90.27661609;S3;87.57822606;88.57822606
S,285500,S1;94.04888014;95.04888014;S2;90.46815149;91.46815149;S3;87.66456781;88.66456781
S,286000,S1;93.33649868;94.33649868;S2;89.265571;90.265571;S3;86.92469642;87.92469642
S,286500,S1;92.88025173;93.88025173;S2;88.5165782;89.5165782;S3;85.98582982;86.98582982
S,287000,S1;92.56223714;93.56223714;S2;88.0137806;89.0137806;S3;86.55164902;87.55164902
S,287500,S1;92.45278743;93.45278743;S2;87.88127368;88.88127368;S3;86.85009028;87.85009028
S,288000,S1;92.90890216;93.90890216;S2;88.74914315;89.74914315;S3;88.19856752;89.19856752
S,288500,S1;92.41811234;93.41811234;S2;87.93879353;88.93879353;S3;87.9979798;88.9979798
S,289000,S1;92.44862231;93.44862231;S2;88.05278017;89.05278017;S3;88.326877;89.326877
S,289500,S1;91.41379271;92.41379271;S2;86.28161553;87.28161553;S3;87.10430774;88.10430774
S,290000,S1;90.52576772;91.52576772;S2;84.77225467;85.77225467;S3;86.58778148;87.58778148
S,290500,S1;90.20090001;91.20090001;S2;84.26955801;85.26955801;S3;86.27121832;87.27121832
S,291000,S1;90.54780333;91.54780333;S2;84.96913385;85.96913385;S3;86.75188027;87.75188027
S,291500,S1;90.58346439;91.58346439;S2;85.10752579;86.10752579;S3;86.80521741;87.80521741
S,292000,S1;90.67478001;91.67478001;S2;85.34382961;86.34382961;S3;86.94527248;87.94527248
S,292500,S1;90.82371064;91.82371064;S2;85.6808709;86.6808709;S3;86.70537641;87.70537641
S,293000,S1;90.99032394;91.99032394;S2;86.04671437;87.04671437;S3;86.65379096;87.65379096
S,293500,S1;90.40313848;91.40313848;S2;85.06734427;86.06734427;S3;86.65611997;87.65611997
S,294000,S1;90.35875977;91.35875977;S2;85.05959392;86.05959392;S3;86.99390397;87.99390397
S,294500,S1;89.77973336;90.77973336;S2;84.096375;85.096375;S3;86.58862608;87.58862608
S,295000,S1;90.40594683;91.40594683;S2;85.29420034;86.29420034;S3;87.02748627;88.02748627
S,295500,S1;90.47754668;91.47754668;S2;85.49055657;86.49055657;S3;87.45122369;88.45122369
S,296000,S1;90.72718856;91.72718856;S2;86.00302372;87.00302372;S3;88.68182911;89.68182911
S,296500,S1;90.29325213;91.29325213;S2;85.29262989;86.29262989;S3;88.42967422;89.42967422
S,297000,S1;91.43860808;92.43860808;S2;87.40606487;88.40606487;S3;89.86909156;90.86909156
S,297500,S1;92.14011391;93.14011391;S2;88.70661786;89.70661786;S3;90.26673333;91.26673333
S,298000,S1;92.47602746;93.47602746;S2;89.34754064;90.34754064;S3;90.21768625;91.21768625
S,298500,S1;92.89482368;93.89482368;S2;90.12999759;91.12999759;S3;90.02938764;91.02938764
S,299000,S1;92.58744098;93.58744098;S2;89.62457658;90.62457658;S3;89.67581257;90.67581257
S,299500,S1;91.84080107;92.84080107;S2;88.34472158;89.34472158;S3;88.6317375;89.6317375
S,300000,S1;91.62153036;92.62153036;S2;88.00268541;89.00268541;S3;88.25912618;89.25912618
S,300500,S1;91.46297632;92.46297632;S2;87.76968533;88.76968533;S3;87.87164045;88.87164045
S,301000,S1;91.73271222;92.73271222;S2;88.29841793;89.29841793;S3;87.5985804;88.5985804
S,301500,S1;91.24501447;92.24501447;S2;87.47904775;88.47904775;S3;87.02328347;88.02328347
S,302000,S1;90.32360577;91.32360577;S2;85.89073535;86.89073535;S3;86.40348696;87.40348696
S,302500,S1;90.30606586;91.30606586;S2;85.91880157;86.91880157;S3;86.60144877;87.60144877
S,303000,S1;90.43948949;91.43948949;S2;86.21596633;87.21596633;S3;86.89583679;87.89583679
S,303500,S1;90.43090307;91.43090307;S2;86.2572309;87.2572309;S3;86.76784221;87.76784221
S,304000,S1;90.24629533;91.24629533;S2;85.98353623;86.98353623;S3;86.3337106;87.3337106
S,304500,S1;91.00153911;92.00153911;S2;87.39037134;88.39037134;S3;87.24156492;88.24156492
S,305000,S1;91.090043;92.090043;S2;87.59635341;88.59635341;S3;87.92736608;88.92736608
S,305500,S1;90.59770655;91.59770655;S2;86.76687266;87.76687266;S3;87.62303287;88.62303287
S,306000,S1;90.60802713;91.60802713;S2;86.83661866;87.83661866;S3;87.86715008;88.86715008
S,306500,S1;90.51778846;91.51778846;S2;86.72616986;87.72616986;S3;87.1630073;88.1630073
S,307000,S1;89.68074303;90.68074303;S2;85.28303901;86.28303901;S3;86.14640559;87.14640559
S,307500,S1;89.89235909;90.89235909;S2;85.72119694;86.72119694;S3;86.21965775;87.21965775
S,308000,S1;89.53906216;90.53906216;S2;85.14461628;86.14461628;S3;86.36123978;87.36123978
S,308500,S1;88.91839467;89.91839467;S2;84.09045482;85.09045482;S3;85.89967964;86.89967964
S,309000,S1;88.66674263;89.66674263;S2;83.70247427;84.70247427;S3;85.04757897;86.04757897
S,309500,S1;88.4965476;89.4965476;S2;83.46246274;84.46246274;S3;84.92047909;85.92047909
S,310000,S1;88.79773998;89.79773998;S2;84.07284868;85.07284868;S3;85.48957889;86.48957889
S,310500,S1;88.7596256;89.7596256;S2;84.06756044;85.06756044;S3;85.75411126;86.75411126
S,311000,S1;88.92319522;89.92319522;S2;84.42489766;85.42489766;S3;85.82876756;86.82876756
S,311500,S1;88.83969963;89.83969963;S2;84.33498549;85.33498549;S3;85.82788916;86.82788916
S,312000,S1;90.08103675;91.08103675;S2;86.62915538;87.62915538;S3;87.07875922;88.07875922
S,312500,S1;89.26484549;90.26484549;S2;85.21560365;86.21560365;S3;86.00835509;87.00835509
S,313000,S1;89.10217154;90.10217154;S2;84.97774503;85.97774503;S3;85.22628445;86.22628445
S,313500,S1;89.17886194;90.17886194;S2;85.17083837;86.17083837;S3;85.53848102;86.53848102
S,314000,S1;89.57276663;90.57276663;S2;85.93219284;86.93219284;S3;86.647799;87.647799
S,314500,S1;90.18096342;91.18096342;S2;87.07147924;88.07147924;S3;87.3237219;88.3237219
S,315000,S1;91.16987494;92.16987494;S2;88.88101448;89.88101448;S3;87.95475666;88.95475666
S,315500,S1;91.04780616;92.04780616;S2;88.69450122;89.69450122;S3;87.1697494;88.1697494
S,316000,S1;91.25071192;92.25071192;S2;89.08725493;90.08725493;S3;86.56161105;87.56161105
S,316500,S1;91.76138947;92.76138947;S2;90.02448885;91.02448885;S3;86.39746223;87.39746223
S,317000,S1;92.37479228;93.37479228;S2;91.13606129;92.13606129;S3;87.47097234;88.47097234
S,317500,S1;92.7893737;93.7893737;S2;91.88608987;92.88608987;S3;88.16714196;89.16714196
S,318000,S1;92.9108289;93.9108289;S2;92.11264328;93.11264328;S3;88.75163741;89.75163741
S,318500,S1;92.01431848;93.01431848;S2;90.54129285;91.54129285;S3;87.75691136;88.75691136
S,319000,S1;93.12593137;94.12593137;S2;92.53089975;93.53089975;S3;89.27568968;90.27568968
S,319500,S1;92.4812441;93.4812441;S2;91.40234472;92.40234472;S3;89.27853835;90.27853835
S,320000,S1;92.55093387;93.55093387;S2;91.5400277;92.5400277;S3;89.50220671;90.50220671
S,320500,S1;93.47047138;94.47047138;S2;93.17897478;94.17897478;S3;90.66801333;91.66801333
S,321000,S1;93.26272233;94.26272233;S2;92.81721815;93.81721815;S3;90.79311803;91.79311803
S,321500,S1;92.37366239;93.37366239;S2;91.25684087;92.25684087;S3;90.04038025;91.04038025
S,322000,S1;91.35440761;92.35440761;S2;89.46864883;90.46864883;S3;89.62621448;90.62621448
S,322500,S1;91.51610807;92.51610807;S2;89.78136128;90.78136128;S3;89.408414;90.408414
S,323000,S1;91.68480938;92.68480938;S2;90.10426454;91.10426454;S3;88.99913542;89.99913542
S,323500,S1;90.93056567;91.93056567;S2;88.78678117;89.78678117;S3;87.58390825;88.58390825
S,324000,S1;91.18161749;92.18161749;S2;89.26268967;90.26268967;S3;88.55008007;89.55008007
S,324500,S1;90.99215751;91.99215751;S2;88.95133625;89.95133625;S3;88.63073296;89.63073296
S,325000,S1;91.37236651;92.37236651;S2;89.65572408;90.65572408;S3;89.50374883;90.50374883
S,325500,S1;91.36684116;92.36684116;S2;89.66890592;90.66890592;S3;88.53125495;89.53125495
S,326000,S1;91.70762859;92.70762859;S2;90.29741571;91.29741571;S3;89.52076363;90.52076363
S,326500,S1;91.24923771;92.24923771;S2;89.50282952;90.50282952;S3;89.3083126;90.3083126
S,327000,S1;92.01409201;93.01409201;S2;90.88653968;91.88653968;S3;90.24285132;91.24285132
S,327500,S1;91.72359456;92.72359456;S2;90.38686324;91.38686324;S3;90.59110962;91.59110962
S,328000,S1;90.85896283;91.85896283;S2;88.87047334;89.87047334;S3;89.97082367;90.97082367
S,328500,S1;90.05320393;91.05320393;S2;87.46138143;88.46138143;S3;88.98436458;89.98436458
S,329000,S1;90.11318887;91.11318887;S2;87.60341304;88.60341304;S3;88.8975364;89.8975364
S,329500,S1;90.37339758;91.37339758;S2;88.1023701;89.1023701;S3;88.84211899;89.84211899
S,330000,S1;90.96086121;91.96086121;S2;89.18202537;90.18202537;S3;89.44304964;90.44304964
S,330500,S1;92.33102035;93.33102035;S2;91.64607981;92.64607981;S3;90.67122645;91.67122645
S,331000,S1;92.47067599;93.47067599;S2;91.9023713;92.9023713;S3;90.54510413;91.54510413
S,331500,S1;92.50987566;93.50987566;S2;91.97930303;92.97930303;S3;90.53433558;91.53433558
S,332000,S1;93.48373062;94.48373062;S2;93.70815673;94.70815673;S3;92.22522262;93.22522262
S,332500,S1;93.31127114;94.31127114;S2;93.401619;94.401619;S3;92.48414693;93.48414693
S,333000,S1;94.02003272;95.02003272;S2;94.64882605;95.64882605;S3;93.16614579;94.16614579
S,333500,S1;94.53931349;95.53931349;S2;95.55210027;96.55210027;S3;93.69628461;94.69628461
S,334000,S1;94.28580118;95.28580118;S2;95.09448471;96.09448471;S3;93.2069117;94.2069117
S,334500,S1;94.54990819;95.54990819;S2;95.54678081;96.54678081;S3;93.09533606;94.09533606
S,335000,S1;94.98290615;95.98290615;S2;96.29181211;97.29181211;S3;93.23253485;94.23253485
S,335500,S1;95.22731652;96.22731652;S2;96.70152092;97.70152092;S3;93.45318877;94.45318877
S,336000,S1;95.11666008;96.11666008;S2;96.48854196;97.48854196;S3;92.7545984;93.7545984
S,336500,S1;95.75912707;96.75912707;S2;97.59256823;98.59256823;S3;93.24596627;94.24596627
S,337000,S1;95.75242827;96.75242827;S2;97.55633051;98.55633051;S3;93.26183205;94.26183205
S,337500,S1;96.55231881;97.55231881;S2;98.92564458;99.92564458;S3;94.34639763;95.34639763
S,338000,S1;96.71885163;97.71885163;S2;99.18293966;100.18293966;S3;94.69332025;95.69332025
S,338500,S1;95.85098646;96.85098646;S2;97.64441839;98.64441839;S3;94.1251658;95.1251658
S,339000,S1;95.84804636;96.84804636;S2;97.61526669;98.61526669;S3;93.57859597;94.57859597
S,339500,S1;95.32778732;96.32778732;S2;96.68562775;97.68562775;S3;93.0476854;94.0476854
S,340000,S1;96.20140743;97.20140743;S2;98.19223591;99.19223591;S3;93.82749692;94.82749692
S,340500,S1;96.74330621;97.74330621;S2;99.10773155;100.10773155;S3;94.05508161;95.05508161
S,341000,S1;96.85610597;97.85610597;S2;99.27170334;100.27170334;S3;93.9544854;94.9544854
S,341500,S1;95.97970777;96.97970777;S2;97.7199372;98.7199372;S3;93.08683514;94.08683514
S,342000,S1;95.52169291;96.52169291;S2;96.89951282;97.89951282;S3;92.04573593;93.04573593
S,342500,S1;95.89172669;96.89172669;S2;97.52634436;98.52634436;S3;92.48093417;93.48093417
S,343000,S1;96.24564043;97.24564043;S2;98.12061276;99.12061276;S3;93.36918998;94.36918998
S,343500,S1;95.87908555;96.87908555;S2;97.45830099;98.45830099;S3;92.76301766;93.76301766
S,344000,S1;94.79924673;95.79924673;S2;95.55700938;96.55700938;S3;91.75985694;92.75985694
S,344500,S1;94.77355902;95.77355902;S2;95.50191422;96.50191422;S3;91.78361447;92.78361447
S,345000,S1;94.24205285;95.24205285;S2;94.56216685;95.56216685;S3;91.17959015;92.17959015
S,345500,S1;94.59609328;95.59609328;S2;95.17883832;96.17883832;S3;91.57375412;92.57375412
S,346000,S1;94.92974129;95.92974129;S2;95.75528721;96.75528721;S3;91.48468876;92.48468876
S,346500,S1;95.61594109;96.61594109;S2;96.94404101;97.94404101;S3;92.03256992;93.03256992
S,347000,S1;95.679734;96.679734;S2;97.03744508;98.03744508;S3;91.85683954;92.85683954
S,347500,S1;95.00040454;96.00040454;S2;95.83541339;96.83541339;S3;90.86462407;91.86462407
S,348000,S1;94.36228799;95.36228799;S2;94.70883483;95.70883483;S3;89.47523676;90.47523676
S,348500,S1;92.72249064;93.72249064;S2;91.82967357;92.82967357;S3;87.60654383;88.60654383
S,349000,S1;93.23666869;94.23666869;S2;92.74978685;93.74978685;S3;88.41170671;89.41170671
S,349500,S1;92.33606915;93.33606915;S2;91.16944287;92.16944287;S3;87.55705845;88.55705845
S,350000,S1;92.863351;93.863351;S2;92.118051;93.118051;S3;87.82364914;88.82364914
S,350500,S1;92.31683214;93.31683214;S2;91.16339941;92.16339941;S3;86.85680443;87.85680443
S,351000,S1;91.75108766;92.75108766;S2;90.17773387;91.17773387;S3;86.55807809;87.55807809
S,351500,S1;91.445909;92.445909;S2;89.65734308;90.65734308;S3;85.50384194;86.50384194
S,352000,S1;90.77847762;91.77847762;S2;88.49538158;89.49538158;S3;84.251685;85.251685
S,352500,S1;90.75071124;91.75071124;S2;88.47648054;89.47648054;S3;84.12476521;85.12476521
S,353000,S1;90.64979489;91.64979489;S2;88.32704431;89.32704431;S3;84.21710201;85.21710201
S,353500,S1;90.92231516;91.92231516;S2;88.84424706;89.84424706;S3;84.74941041;85.74941041
S,354000,S1;90.99902879;91.99902879;S2;89.00874343;90.00874343;S3;84.77658707;85.77658707
S,354500,S1;90.22160225;91.22160225;S2;87.65108992;88.65108992;S3;84.39820494;85.39820494
S,355000,S1;90.56799352;91.56799352;S2;88.30465308;89.30465308;S3;84.69524366;85.69524366
S,355500,S1;90.31105024;91.31105024;S2;87.87650683;88.87650683;S3;84.60704144;85.60704144
S,356000,S1;90.50669811;91.50669811;S2;88.25866686;89.25866686;S3;84.22773981;85.22773981
S,356500,S1;89.56412254;90.56412254;S2;86.60641412;87.60641412;S3;84.18746908;85.18746908
S,357000,S1;89.55256885;90.55256885;S2;86.62533067;87.62533067;S3;83.55742556;84.55742556
S,357500,S1;89.23592416;90.23592416;S2;86.09675236;87.09675236;S3;83.4213146;84.4213146
S,358000,S1;89.16340567;90.16340567;S2;86.00857505;87.00857505;S3;83.14220102;84.14220102
S,358500,S1;89.5059467;90.5059467;S2;86.66626931;87.66626931;S3;82.79995559;83.79995559
S,359000,S1;88.60103451;89.60103451;S2;85.08127197;86.08127197;S3;82.43811794;83.43811794
S,359500,S1;89.03330404;90.03330404;S2;85.90723872;86.90723872;S3;82.83442237;83.83442237
S,360000,S1;88.56285076;89.56285076;S2;85.10335286;86.10335286;S3;83.27489142;84.27489142
S,360500,S1;87.83588024;88.83588024;S2;83.8397079;84.8397079;S3;82.62960613;83.62960613
S,361000,S1;88.24251892;89.24251892;S2;84.62870416;85.62870416;S3;82.94470431;83.94470431
S,361500,S1;88.12582479;89.12582479;S2;84.46650841;85.46650841;S3;82.85774878;83.85774878
S,362000,S1;88.21989324;89.21989324;S2;84.68542679;85.68542679;S3;83.30902019;84.30902019
S,362500,S1;88.89697614;89.89697614;S2;85.9549924;86.9549924;S3;83.74442785;84.74442785
S,363000,S1;89.36878437;90.36878437;S2;86.84320002;87.84320002;S3;84.46486035;85.46486035
S,363500,S1;89.21936433;90.21936433;S2;86.60886234;87.60886234;S3;83.95514067;84.95514067
S,364000,S1;89.51604601;90.51604601;S2;87.17672291;88.17672291;S3;84.21782287;85.21782287
S,364500,S1;89.9570395;90.9570395;S2;87.99899576;88.99899576;S3;84.212725;85.212725
S,365000,S1;90.26552117;91.26552117;S2;88.57730495;89.57730495;S3;85.23487443;86.23487443
S,365500,S1;90.53485621;91.53485621;S2;89.08121721;90.08121721;S3;84.82551424;85.82551424
S,366000,S1;90.49089261;91.49089261;S2;89.02223725;90.02223725;S3;84.55182098;85.55182098
S,366500,S1;90.24847538;91.24847538;S2;88.60920057;89.60920057;S3;84.96178733;85.96178733
S,367000,S1;90.17447005;91.17447005;S2;88.49891156;89.49891156;S3;84.55582821;85.55582821
S,367500,S1;90.55500748;91.55500748;S2;89.20166882;90.20166882;S3;84.74819937;85.74819937
S,368000,S1;90.46516281;91.46516281;S2;89.05947976;90.05947976;S3;85.14066712;86.14066712
S,368500,S1;90.41673995;91.41673995;S2;88.99186998;89.99186998;S3;84.19974153;85.19974153
S,369000,S1;90.33898026;91.33898026;S2;88.87211179;89.87211179;S3;83.53186385;84.53186385
S,369500,S1;89.75943019;90.75943019;S2;87.85650554;88.85650554;S3;82.25114285;83.25114285
S,370000,S1;89.42060395;90.42060395;S2;87.27504168;88.27504168;S3;82.03840146;83.03840146
S,370500,S1;89.19099573;90.19099573;S2;86.89179435;87.89179435;S3;82.03960266;83.03960266
S,371000,S1;89.71662221;90.71662221;S2;87.86683123;88.86683123;S3;81.67851935;82.67851935
S,371500,S1;89.20068757;90.20068757;S2;86.96719505;87.96719505;S3;81.1361282;82.1361282
S,372000,S1;88.72771701;89.72771701;S2;86.14752729;87.14752729;S3;80.0532382;81.0532382
S,372500,S1;88.95218859;89.95218859;S2;86.58626739;87.58626739;S3;80.60935323;81.60935323
S,373000,S1;88.61312563;89.61312563;S2;86.00816221;87.00816221;S3;81.08212738;82.08212738
S,373500,S1;88.11769192;89.11769192;S2;85.15052043;86.15052043;S3;80.66055827;81.66055827
S,374000,S1;87.93397627;88.93397627;S2;84.85848443;85.85848443;S3;80.75329798;81.75329798
S,374500,S1;88.3120672;89.3120672;S2;85.58317293;86.58317293;S3;81.1588405;82.1588405
S,375000,S1;88.1017589;89.1017589;S2;85.24028789;86.24028789;S3;80.99168656;81.99168656
S,375500,S1;88.61377783;89.61377783;S2;86.20342767;87.20342767;S3;81.69417226;82.69417226
S,376000,S1;88.57944682;89.57944682;S2;86.17387756;87.17387756;S3;81.55259651;82.55259651
S,376500,S1;88.7846853;89.7846853;S2;86.57592163;87.57592163;S3;81.52830786;82.52830786
S,377000,S1;88.85038117;89.85038117;S2;86.72377223;87.72377223;S3;80.97971072;81.97971072
S,377500,S1;88.51655567;89.51655567;S2;86.15157617;87.15157617;S3;80.37217887;81.37217887
S,378000,S1;87.94567054;88.94567054;S2;85.15429273;86.15429273;S3;80.47972512;81.47972512
S,378500,S1;87.06052559;88.06052559;S2;83.59171069;84.59171069;S3;78.79158086;79.79158086
S,379000,S1;86.96450207;87.96450207;S2;83.46383694;84.46383694;S3;78.01792691;79.01792691
S,379500,S1;86.72619274;87.72619274;S2;83.07781934;84.07781934;S3;77.71495971;78.71495971
S,380000,S1;85.93611276;86.93611276;S2;81.68963975;82.68963975;S3;77.00905986;78.00905986
S,380500,S1;86.51130679;87.51130679;S2;82.797062;83.797062;S3;78.05863854;79.05863854
S,381000,S1;86.63428939;87.63428939;S2;83.07077329;84.07077329;S3;78.53570822;79.53570822
S,381500,S1;85.9206397;86.9206397;S2;81.81985844;82.81985844;S3;78.31338332;79.31338332
S,382000,S1;85.91924936;86.91924936;S2;81.87226943;82.87226943;S3;77.84846972;78.84846972
S,382500,S1;85.6945522;86.6945522;S2;81.51608164;82.51608164;S3;77.46563959;78.46563959
S,383000,S1;85.57596279;86.57596279;S2;81.35520986;82.35520986;S3;76.3869745;77.3869745
S,383500,S1;85.44925702;86.44925702;S2;81.1799177;82.1799177;S3;76.00411823;77.00411823
S,384000,S1;85.74264406;86.74264406;S2;81.77433469;82.77433469;S3;76.91727582;77.91727582
S,384500,S1;86.36652916;87.36652916;S2;82.96811425;83.96811425;S3;77.89754949;78.89754949
S,385000,S1;86.18197625;87.18197625;S2;82.67734601;83.67734601;S3;77.47023638;78.47023638
S,385500,S1;86.09833539;87.09833539;S2;82.57174459;83.57174459;S3;77.31837205;78.31837205
S,386000,S1;85.27752835;86.27752835;S2;81.12117075;82.12117075;S3;77.18479242;78.18479242
S,386500,S1;85.71399921;86.71399921;S2;81.97679436;82.97679436;S3;77.52827331;78.52827331
S,387000,S1;85.74337399;86.74337399;S2;82.08058477;83.08058477;S3;77.66574682;78.66574682
S,387500,S1;85.85248397;86.85248397;S2;82.32914331;83.32914331;S3;78.4363561;79.4363561
S,388000,S1;85.74827493;86.74827493;S2;82.18594798;83.18594798;S3;78.03507556;79.03507556
S,388500,S1;86.04675421;87.04675421;S2;82.77935518;83.77935518;S3;77.87990136;78.87990136
S,389000,S1;86.57896099;87.57896099;S2;83.79458481;84.79458481;S3;77.82504084;78.82504084
S,389500,S1;87.25603461;88.25603461;S2;85.06435468;86.06435468;S3;78.56058558;79.56058558
S,390000,S1;87.32527227;88.32527227;S2;85.21931649;86.21931649;S3;78.55957835;79.55957835
S,390500,S1;86.70455596;87.70455596;S2;84.12198945;85.12198945;S3;77.7125016;78.7125016
S,391000,S1;86.42865264;87.42865264;S2;83.65470226;84.65470226;S3;77.74841827;78.74841827
S,391500,S1;86.67471946;87.67471946;S2;84.14013114;85.14013114;S3;78.78055277;79.78055277
S,392000,S1;86.99933408;87.99933408;S2;84.76468954;85.76468954;S3;78.57263223;79.57263223
S,392500,S1;86.96122278;87.96122278;S2;84.72541097;85.72541097;S3;77.85209808;78.85209808
S,393000,S1;88.07369598;89.07369598;S2;86.77638808;87.77638808;S3;79.22325804;80.22325804
S,393500,S1;88.0781725;89.0781725;S2;86.80185854;87.80185854;S3;79.53819667;80.53819667
S,394000,S1;87.90372407;88.90372407;S2;86.5038392;87.5038392;S3;79.25962553;80.25962553
S,394500,S1;88.74214647;89.74214647;S2;88.03844982;89.03844982;S3;79.84872158;80.84872158
S,395000,S1;88.22115728;89.22115728;S2;87.10989535;88.10989535;S3;79.26914698;80.26914698
S,395500,S1;89.25104979;90.25104979;S2;88.98383556;89.98383556;S3;81.16713887;82.16713887
S,396000,S1;89.39393992;90.39393992;S2;89.24402578;90.24402578;S3;81.56890919;82.56890919
S,396500,S1;88.85829414;89.85829414;S2;88.2847716;89.2847716;S3;81.53086233;82.53086233
S,397000,S1;88.41690348;89.41690348;S2;87.49824041;88.49824041;S3;81.12783624;82.12783624
S,397500,S1;88.20759449;89.20759449;S2;87.13309978;88.13309978;S3;80.11453264;81.11453264
S,398000,S1;87.61283444;88.61283444;S2;86.07382901;87.07382901;S3;79.59195605;80.59195605
S,398500,S1;87.70204611;88.70204611;S2;86.2559827;87.2559827;S3;79.58602483;80.58602483
S,399000,S1;87.82798055;88.82798055;S2;86.50327974;87.50327974;S3;80.23544291;81.23544291
S,399500,S1;87.9582524;88.9582524;S2;86.75665008;87.75665008;S3;81.08567348;82.08567348
S,400000,S1;88.23247484;89.23247484;S2;87.26840406;88.26840406;S3;81.21966948;82.21966948
S,400500,S1;87.63161453;88.63161453;S2;86.19677701;87.19677701;S3;80.91598464;81.91598464
S,401000,S1;86.64637537;87.64637537;S2;84.43225184;85.43225184;S3;80.40898773;81.40898773
S,401500,S1;87.27633856;88.27633856;S2;85.6082267;86.6082267;S3;80.89670379;81.89670379
S,402000,S1;87.14800781;88.14800781;S2;85.39781866;86.39781866;S3;81.49458474;82.49458474
S,402500,S1;86.51841985;87.51841985;S2;84.27860177;85.27860177;S3;80.50373565;81.50373565
S,403000,S1;86.90734623;87.90734623;S2;85.01678969;86.01678969;S3;80.7916562;81.7916562
S,403500,S1;85.07784502;86.07784502;S2;81.71756846;82.71756846;S3;78.80151445;79.80151445
S,404000,S1;84.80286139;85.80286139;S2;81.25809416;82.25809416;S3;78.58087109;79.58087109
S,404500,S1;85.51809348;86.51809348;S2;82.61972757;83.61972757;S3;79.06282185;80.06282185
S,405000,S1;85.30477669;86.30477669;S2;82.26811274;83.26811274;S3;79.33517302;80.33517302
S,405500,S1;84.70368142;85.70368142;S2;81.20732432;82.20732432;S3;79.46333296;80.46333296
S,406000,S1;84.20962579;85.20962579;S2;80.34593956;81.34593956;S3;79.06235117;80.06235117
S,406500,S1;83.78129858;84.78129858;S2;79.60821308;80.60821308;S3;78.97140709;79.97140709
S,407000,S1;84.56597812;85.56597812;S2;81.11382946;82.11382946;S3;80.37749384;81.37749384
S,407500,S1;84.65670887;85.65670887;S2;81.3270042;82.3270042;S3;80.09550883;81.09550883
S,408000,S1;85.59309739;86.59309739;S2;83.09344382;84.09344382;S3;81.0505772;82.0505772
S,408500,S1;85.71046126;86.71046126;S2;83.34167593;84.34167593;S3;81.03711647;82.03711647
S,409000,S1;85.1047308;86.1047308;S2;82.26581699;83.26581699;S3;80.54704837;81.54704837
S,409500,S1;85.64864021;86.64864021;S2;83.30160576;84.30160576;S3;81.83064315;82.83064315
S,410000,S1;85.640388;86.640388;S2;83.31796165;84.31796165;S3;82.64723945;83.64723945
S,410500,S1;85.01886353;86.01886353;S2;82.21218266;83.21218266;S3;81.33067891;82.33067891
S,411000,S1;85.00650595;86.00650595;S2;82.22711309;83.22711309;S3;81.42866338;82.42866338
S,411500,S1;85.3310429;86.3310429;S2;82.85999854;83.85999854;S3;81.16442123;82.16442123
S,412000,S1;85.80609735;86.80609735;S2;83.76350518;84.76350518;S3;81.57802515;82.57802515
S,412500,S1;84.97797318;85.97797318;S2;82.27738039;83.27738039;S3;80.80633702;81.80633702
S,413000,S1;85.05947216;86.05947216;S2;82.46317089;83.46317089;S3;81.14922738;82.14922738
S,413500,S1;85.20348656;86.20348656;S2;82.76220487;83.76220487;S3;80.80848866;81.80848866
S,414000,S1;84.81157567;85.81157567;S2;82.07637361;83.07637361;S3;80.85118269;81.85118269
S,414500,S1;84.2892248;85.2892248;S2;81.15332727;82.15332727;S3;80.11450111;81.11450111
S,415000,S1;84.36435105;85.36435105;S2;81.33376279;82.33376279;S3;80.40396712;81.40396712
S,415500,S1;84.49491195;85.49491195;S2;81.61482398;82.61482398;S3;81.6393218;82.6393218
S,416000,S1;84.28740481;85.28740481;S2;81.27152383;82.27152383;S3;81.30431486;82.30431486
S,416500,S1;84.58400353;85.58400353;S2;81.85840294;82.85840294;S3;81.62157354;82.62157354
S,417000,S1;84.92060804;85.92060804;S2;82.51411216;83.51411216;S3;82.39817521;83.39817521
S,417500,S1;84.6705982;85.6705982;S2;82.08729154;83.08729154;S3;81.75623168;82.75623168
S,418000,S1;85.10651106;86.10651106;S2;82.92340031;83.92340031;S3;82.44232576;83.44232576
S,418500,S1;85.57914132;86.57914132;S2;83.81963864;84.81963864;S3;83.04172894;84.04172894
S,419000,S1;85.3289707;86.3289707;S2;83.3854535;84.3854535;S3;82.70469453;83.70469453
S,419500,S1;85.46201483;86.46201483;S2;83.65526272;84.65526272;S3;83.16817559;84.16817559
S,420000,S1;85.19518902;86.19518902;S2;83.19093333;84.19093333;S3;83.05700901;84.05700901
S,420500,S1;84.99137641;85.99137641;S2;82.84409606;83.84409606;S3;82.59617639;83.59617639
S,421000,S1;85.21580308;86.21580308;S2;83.28480615;84.28480615;S3;83.19863206;84.19863206
S,421500,S1;85.45892738;86.45892738;S2;83.7564058;84.7564058;S3;83.14343438;84.14343438
S,422000,S1;84.43372739;85.43372739;S2;81.90211773;82.90211773;S3;82.01117594;83.01117594
S,422500,S1;84.00263093;85.00263093;S2;81.14239625;82.14239625;S3;81.86445426;82.86445426
S,423000,S1;84.40287519;85.40287519;S2;81.91928701;82.91928701;S3;81.60190286;82.60190286
S,423500,S1;84.1466421;85.1466421;S2;81.48076575;82.48076575;S3;81.47459074;82.47459074
S,424000,S1;84.15020995;85.15020995;S2;81.52306706;82.52306706;S3;80.89980045;81.89980045
S,424500,S1;84.08996607;85.08996607;S2;81.44719259;82.44719259;S3;80.8158161;81.8158161
S,425000,S1;84.57134043;85.57134043;S2;82.37045721;83.37045721;S3;80.75129298;81.75129298
S,425500,S1;85.19647898;86.19647898;S2;83.54997356;84.54997356;S3;81.07625369;82.07625369
S,426000,S1;84.96039598;85.96039598;S2;83.13917703;84.13917703;S3;80.6026289;81.6026289
S,426500,S1;85.33861686;86.33861686;S2;83.85792267;84.85792267;S3;80.92015305;81.92015305
S,427000,S1;85.97837178;86.97837178;S2;85.04987579;86.04987579;S3;81.85720383;82.85720383
S,427500,S1;85.55202993;86.55202993;S2;84.28383005;85.28383005;S3;80.93457034;81.93457034
S,428000,S1;86.27368731;87.27368731;S2;85.62150211;86.62150211;S3;81.69923491;82.69923491
S,428500,S1;87.25263887;88.25263887;S2;87.41502607;88.41502607;S3;82.51405235;83.51405235
S,429000,S1;87.45601024;88.45601024;S2;87.78176094;88.78176094;S3;82.61672973;83.61672973
S,429500,S1;87.06342268;88.06342268;S2;87.06599021;88.06599021;S3;81.86117824;82.86117824
S,430000,S1;86.75842679;87.75842679;S2;86.51216402;87.51216402;S3;81.74721199;82.74721199
S,430500,S1;87.14682275;88.14682275;S2;87.22179559;88.22179559;S3;82.12504435;83.12504435
S,431000,S1;87.45484658;88.45484658;S2;87.77984161;88.77984161;S3;82.25590195;83.25590195
S,431500,S1;87.39204339;88.39204339;S2;87.66168068;88.66168068;S3;82.64965393;83.64965393
S,432000,S1;87.46050253;88.46050253;S2;87.78216243;88.78216243;S3;83.00820353;84.00820353
S,432500,S1;87.11855207;88.11855207;S2;87.15821989;88.15821989;S3;83.22304829;84.22304829
S,433000,S1;87.17730911;88.17730911;S2;87.26434543;88.26434543;S3;82.71201245;83.71201245
S,433500,S1;87.37470665;88.37470665;S2;87.62139166;88.62139166;S3;82.754604;83.754604
S,434000,S1;87.18013524;88.18013524;S2;87.26535815;88.26535815;S3;82.12287017;83.12287017
S,434500,S1;86.85690091;87.85690091;S2;86.67765916;87.67765916;S3;82.3817278;83.3817278
S,435000,S1;87.16340325;88.16340325;S2;87.23717921;88.23717921;S3;82.81448003;83.81448003
S,435500,S1;87.65619029;88.65619029;S2;88.13050295;89.13050295;S3;83.13229088;84.13229088
S,436000,S1;87.977301;88.977301;S2;88.70543787;89.70543787;S3;83.17585672;84.17585672
S,436500,S1;88.18479118;89.18479118;S2;89.07067982;90.07067982;S3;84.05420098;85.05420098
S,437000,S1;88.39369016;89.39369016;S2;89.43595948;90.43595948;S3;83.48192287;84.48192287
S,437500,S1;88.97458116;89.97458116;S2;90.46964626;91.46964626;S3;83.63275162;84.63275162
S,438000,S1;88.99407652;89.99407652;S2;90.48467112;91.48467112;S3;83.44429906;84.44429906
S,438500,S1;89.34097678;90.34097678;S2;91.0884715;92.0884715;S3;83.70950679;84.70950679
S,439000,S1;89.52385922;90.52385922;S2;91.39333922;92.39333922;S3;83.67516499;84.67516499
S,439500,S1;90.09905905;91.09905905;S2;92.39987482;93.39987482;S3;83.82136293;84.82136293
S,440000,S1;90.64095545;91.64095545;S2;93.33817304;94.33817304;S3;84.96513588;85.96513588
S,440500,S1;90.8334301;91.8334301;S2;93.64535033;94.64535033;S3;85.74307218;86.74307218
S,441000,S1;90.18611995;91.18611995;S2;92.45412261;93.45412261;S3;85.37250901;86.37250901
S,441500,S1;90.56047955;91.56047955;S2;93.09295386;94.09295386;S3;85.72704117;86.72704117
S,442000,S1;91.31609277;92.31609277;S2;94.407341;95.407341;S3;86.21987599;87.21987599
S,442500,S1;91.38097694;92.38097694;S2;94.48127926;95.48127926;S3;85.49363864;86.49363864
S,443000,S1;91.19230628;92.19230628;S2;94.10439136;95.10439136;S3;85.32548931;86.32548931
S,443500,S1;91.15014922;92.15014922;S2;93.99037189;94.99037189;S3;85.07764393;86.07764393
S,444000,S1;91.75446988;92.75446988;S2;95.02761765;96.02761765;S3;86.49644572;87.49644572
S,444500,S1;92.2280571;93.2280571;S2;95.8240224;96.8240224;S3;86.1344591;87.1344591
S,445000,S1;92.23284769;93.23284769;S2;95.78431725;96.78431725;S3;86.08679129;87.08679129
S,445500,S1;92.45840774;93.45840774;S2;96.13602791;97.13602791;S3;86.22382142;87.22382142
S,446000,S1;92.16947775;93.16947775;S2;95.57580608;96.57580608;S3;85.18549958;86.18549958
S,446500,S1;92.07145455;93.07145455;S2;95.35658293;96.35658293;S3;85.30695145;86.30695145
S,447000,S1;92.52477536;93.52477536;S2;96.11566749;97.11566749;S3;86.10051942;87.10051942
S,447500,S1;93.08729396;94.08729396;S2;97.061995;98.061995;S3;86.31110622;87.31110622
S,448000,S1;93.9075093;94.9075093;S2;98.45496179;99.45496179;S3;87.29537811;88.29537811
S,448500,S1;93.87832345;94.87832345;S2;98.3427581;99.3427581;S3;87.57450616;88.57450616
S,449000,S1;93.5785584;94.5785584;S2;97.75629774;98.75629774;S3;86.64845717;87.64845717
S,449500,S1;92.78115896;93.78115896;S2;96.29749594;97.29749594;S3;86.46061082;87.46061082
S,450000,S1;93.37368979;94.37368979;S2;97.29662894;98.29662894;S3;86.82122922;87.82122922
S,450500,S1;94.43663186;95.43663186;S2;99.11579716;100.11579716;S3;88.05727113;89.05727113
S,451000,S1;95.20442027;96.20442027;S2;100.3985546;101.3985546;S3;88.59617453;89.59617453
S,451500,S1;95.69408887;96.69408887;S2;101.1840838;102.1840838;S3;89.40631837;90.40631837
S,452000,S1;95.81742173;96.81742173;S2;101.3254311;102.3254311;S3;89.363267;90.363267
S,452500,S1;96.31302127;97.31302127;S2;102.1147577;103.1147577;S3;89.6724252;90.6724252
S,453000,S1;96.44173435;97.44173435;S2;102.260692;103.260692;S3;90.01432619;91.01432619
S,453500,S1;95.94208621;96.94208621;S2;101.3149192;102.3149192;S3;89.33514241;90.33514241
S,454000,S1;96.50300459;97.50300459;S2;102.2192785;103.2192785;S3;89.9649024;90.9649024
S,454500,S1;96.38213472;97.38213472;S2;101.9328075;102.9328075;S3;89.80381272;90.80381272
S,455000,S1;96.87894795;97.87894795;S2;102.7215287;103.7215287;S3;89.81136502;90.81136502
S,455500,S1;97.35285891;98.35285891;S2;103.4647682;104.4647682;S3;91.12573297;92.12573297
S,456000,S1;97.07842683;98.07842683;S2;102.9081123;103.9081123;S3;90.93568113;91.93568113
S,456500,S1;98.06275493;99.06275493;S2;104.5348626;105.5348626;S3;92.07529257;93.07529257
S,457000,S1;97.66152568;98.66152568;S2;103.7561356;104.7561356;S3;92.23652327;93.23652327
S,457500,S1;96.88802605;97.88802605;S2;102.3381207;103.3381207;S3;91.5747846;92.5747846
S,458000,S1;95.95336126;96.95336126;S2;100.6449012;101.6449012;S3;90.86797871;91.86797871
S,458500,S1;95.31173788;96.31173788;S2;99.46525681;100.46525681;S3;90.44668162;91.44668162
S,459000,S1;95.63656828;96.63656828;S2;99.9765942;100.9765942;S3;90.25065936;91.25065936
S,459500,S1;96.4724094;97.4724094;S2;101.3753011;102.3753011;S3;91.16879112;92.16879112
S,460000,S1;96.32700115;97.32700115;S2;101.0570884;102.0570884;S3;91.1741175;92.1741175
S,460500,S1;96.26632729;97.26632729;S2;100.8882727;101.8882727;S3;90.92859249;91.92859249
S,461000,S1;96.29955463;97.29955463;S2;100.8840929;101.8840929;S3;91.09728034;92.09728034
S,461500,S1;96.49747884;97.49747884;S2;101.1666329;102.1666329;S3;91.41884205;92.41884205
S,462000,S1;97.483366;98.483366;S2;102.815957;103.815957;S3;92.21608866;93.21608866
S,462500,S1;96.83159735;97.83159735;S2;101.6176009;102.6176009;S3;91.81009338;92.81009338
S,463000,S1;94.8309508;95.8309508;S2;98.08461088;99.08461088;S3;89.82023898;90.82023898
S,463500,S1;93.68020452;94.68020452;S2;96.02804649;97.02804649;S3;88.65455823;89.65455823
S,464000,S1;94.34451388;95.34451388;S2;97.16472324;98.16472324;S3;89.45060036;90.45060036
S,464500,S1;94.69387839;95.69387839;S2;97.73940766;98.73940766;S3;88.9354546;89.9354546
S,465000,S1;95.15399651;96.15399651;S2;98.50396456;99.50396456;S3;88.52362898;89.52362898
S,465500,S1;95.76459464;96.76459464;S2;99.5256306;100.5256306;S3;89.39327278;90.39327278
S,466000,S1;96.29038586;97.29038586;S2;100.3911623;101.3911623;S3;90.05569566;91.05569566
S,466500,S1;96.23233517;97.23233517;S2;100.2353215;101.2353215;S3;89.93571829;90.93571829
S,467000,S1;97.10047428;98.10047428;S2;101.6908672;102.6908672;S3;91.93253547;92.93253547
S,467500,S1;97.85134735;98.85134735;S2;102.9297529;103.9297529;S3;92.50984421;93.50984421
S,468000,S1;97.71596088;98.71596088;S2;102.6279901;103.6279901;S3;92.67913499;93.67913499
S,468500,S1;97.70154576;98.70154576;S2;102.5372702;103.5372702;S3;92.85052819;93.85052819
S,469000,S1;98.32074697;99.32074697;S2;103.5420593;104.5420593;S3;93.57302838;94.57302838
S,469500,S1;98.94211155;99.94211155;S2;104.5425865;105.5425865;S3;93.92577951;94.92577951
S,470000,S1;98.83105024;99.83105024;S2;104.2767043;105.2767043;S3;93.13774507;94.13774507
S,470500,S1;98.10555136;99.10555136;S2;102.9565302;103.9565302;S3;91.75917586;92.75917586
S,471000,S1;98.6266901;99.6266901;S2;103.7901719;104.7901719;S3;92.52845874;93.52845874
S,471500,S1;97.98189243;98.98189243;S2;102.6115562;103.6115562;S3;91.58780734;92.58780734
S,472000,S1;98.59359404;99.59359404;S2;103.6048853;104.6048853;S3;92.8451551;93.8451551
S,472500,S1;98.30652605;99.30652605;S2;103.0437419;104.0437419;S3;92.98797506;93.98797506
S,473000,S1;97.6785496;98.6785496;S2;101.8983141;102.8983141;S3;92.80408469;93.80408469
S,473500,S1;97.40379129;98.40379129;S2;101.367114;102.367114;S3;92.38774096;93.38774096
S,474000,S1;96.45831016;97.45831016;S2;99.678721;100.678721;S3;91.6999331;92.6999331
S,474500,S1;95.99598993;96.99598993;S2;98.83265883;99.83265883;S3;91.16542638;92.16542638
S,475000,S1;96.14114854;97.14114854;S2;99.04725586;100.04725586;S3;91.85663301;92.85663301
S,475500,S1;96.5354396;97.5354396;S2;99.6940301;100.6940301;S3;92.04467971;93.04467971
S,476000,S1;96.87096365;97.87096365;S2;100.234211;101.234211;S3;92.57427952;93.57427952
S,476500,S1;97.08961099;98.08961099;S2;100.5681843;101.5681843;S3;92.67187703;93.67187703
S,477000,S1;97.64479832;98.64479832;S2;101.4831159;102.4831159;S3;93.20006853;94.20006853
S,477500,S1;98.27454612;99.27454612;S2;102.5197529;103.5197529;S3;94.14916137;95.14916137
S,478000,S1;98.66879946;99.66879946;S2;103.1422238;104.1422238;S3;95.23274214;96.23274214
S,478500,S1;98.91497695;99.91497695;S2;103.5057723;104.5057723;S3;95.39027949;96.39027949
S,479000,S1;100.0545407;101.0545407;S2;105.4025834;106.4025834;S3;96.15964751;97.15964751
S,479500,S1;99.31447988;100.31447988;S2;104.0651592;105.0651592;S3;95.52755032;96.52755032
S,480000,S1;99.848805;100.848805;S2;104.9181954;105.9181954;S3;96.06198318;97.06198318
S,480500,S1;99.8154751;100.8154751;S2;104.7932114;105.7932114;S3;95.22345288;96.22345288
S,481000,S1;99.8049223;100.8049223;S2;104.708443;105.708443;S3;94.8910282;95.8910282
S,481500,S1;99.49466715;100.49466715;S2;104.1115434;105.1115434;S3;94.10538898;95.10538898
S,482000,S1;98.88021911;99.88021911;S2;102.9963144;103.9963144;S3;93.93524215;94.93524215
S,482500,S1;98.42442016;99.42442016;S2;102.1577587;103.1577587;S3;93.52291898;94.52291898
S,483000,S1;98.62559601;99.62559601;S2;102.4541672;103.4541672;S3;93.40796579;94.40796579
S,483500,S1;98.56651615;99.56651615;S2;102.3012123;103.3012123;S3;94.09673916;95.09673916
S,484000,S1;98.96862896;99.96862896;S2;102.9432101;103.9432101;S3;94.35772692;95.35772692
S,484500,S1;99.044348;100.044348;S2;103.0200437;104.0200437;S3;94.69413848;95.69413848
S,485000,S1;97.75269727;98.75269727;S2;100.7482879;101.7482879;S3;93.64075995;94.64075995
S,485500,S1;98.12663284;99.12663284;S2;101.3539294;102.3539294;S3;92.98485316;93.98485316
S,486000,S1;97.92394281;98.92394281;S2;100.9611989;101.9611989;S3;92.18644814;93.18644814
S,486500,S1;98.29912358;99.29912358;S2;101.567958;102.567958;S3;93.25313105;94.25313105
S,487000,S1;98.78851106;99.78851106;S2;102.3673544;103.3673544;S3;93.64131117;94.64131117
S,487500,S1;98.52744819;99.52744819;S2;101.8705253;102.8705253;S3;92.85082977;93.85082977
S,488000,S1;99.07897069;100.07897069;S2;102.7750642;103.7750642;S3;93.19330642;94.19330642
S,488500,S1;98.68979294;99.68979294;S2;102.0571993;103.0571993;S3;92.37278845;93.37278845
S,489000,S1;98.65440737;99.65440737;S2;101.9512086;102.9512086;S3;92.26617972;93.26617972
S,489500,S1;98.54993241;99.54993241;S2;101.7272952;102.7272952;S3;92.63017438;93.63017438
S,490000,S1;99.32744516;100.32744516;S2;103.0229245;104.0229245;S3;92.99207189;93.99207189
S,490500,S1;100.4012839;101.4012839;S2;104.8155973;105.8155973;S3;94.21589471;95.21589471
S,491000,S1;100.7101916;101.7101916;S2;105.2840306;106.2840306;S3;94.29845222;95.29845222
S,491500,S1;101.2120222;102.2120222;S2;106.0787361;107.0787361;S3;94.88001908;95.88001908
S,492000,S1;100.6192991;101.6192991;S2;105.0045516;106.0045516;S3;94.10006606;95.10006606
S,492500,S1;100.435635;101.435635;S2;104.6323886;105.6323886;S3;93.96025453;94.96025453
S,493000,S1;100.7459868;101.7459868;S2;105.106129;106.106129;S3;93.6460451;94.6460451
S,493500,S1;100.7096578;101.7096578;S2;104.9857441;105.9857441;S3;93.31237105;94.31237105
S,494000,S1;101.1443425;102.1443425;S2;105.6699075;106.6699075;S3;94.07797464;95.07797464
S,494500,S1;101.0235291;102.0235291;S2;105.4035522;106.4035522;S3;94.0802047;95.0802047
S,495000,S1;101.0329306;102.0329306;S2;105.360876;106.360876;S3;94.62937433;95.62937433
S,495500,S1;102.1757992;103.1757992;S2;107.2497598;108.2497598;S3;96.07591784;97.07591784
S,496000,S1;101.4459215;102.4459215;S2;105.9441364;106.9441364;S3;95.22170002;96.22170002
S,496500,S1;101.1599308;102.1599308;S2;105.3974897;106.3974897;S3;95.16274635;96.16274635
S,497000,S1;101.0547968;102.0547968;S2;105.161703;106.161703;S3;95.23052613;96.23052613
S,497500,S1;100.8601274;101.8601274;S2;104.7750803;105.7750803;S3;95.0323954;96.0323954
S,498000,S1;101.7493616;102.7493616;S2;106.2384981;107.2384981;S3;96.13269683;97.13269683
S,498500,S1;101.2981695;102.2981695;S2;105.4119614;106.4119614;S3;95.28059363;96.28059363
S,499000,S1;100.6988988;101.6988988;S2;104.3370765;105.3370765;S3;94.91185869;95.91185869
S,499500,S1;101.008358;102.008358;S2;104.8162076;105.8162076;S3;95.38146361;96.38146361
S,500000,S1;100.8405797;101.8405797;S2;104.4793433;105.4793433;S3;95.57148818;96.57148818
S,500500,S1;100.7405069;101.7405069;S2;104.2599761;105.2599761;S3;95.48684589;96.48684589
S,501000,end
